player__session__code,player__participant__code,neighbor__0__participant__code,neighbor__1__participant__code,neighbor__2__participant__code,neighbor__3__participant__code,neighbor__4__participant__code,neighbor__5__participant__code,neighbor__6__participant__code,neighbor__7__participant__code
0mv7j8p9,sg1mdqle,os52kga7,w9w3n40l,d64c656b,qxwczoys,9swgwdek,,,
0mv7j8p9,8315fj19,,,,,,,,
0mv7j8p9,ngfxbju5,,,,,,,,
0mv7j8p9,ojupbln9,,,,,,,,
0mv7j8p9,wrnutjtj,,,,,,,,
0mv7j8p9,5fova9da,,,,,,,,
0mv7j8p9,xyvmerdr,,,,,,,,
0mv7j8p9,dzud7eib,,,,,,,,
0mv7j8p9,zd3ysxoj,,,,,,,,
0mv7j8p9,efo97vvi,,,,,,,,
0mv7j8p9,bydt1tr7,,,,,,,,
0mv7j8p9,zoydzsrr,,,,,,,,
0mv7j8p9,n8ibhbei,,,,,,,,
0mv7j8p9,hgbn88qm,,,,,,,,
0mv7j8p9,s1694o7q,,,,,,,,
0mv7j8p9,bbvkud29,,,,,,,,
0mv7j8p9,dy0fp1gq,,,,,,,,
0mv7j8p9,h7xez351,,,,,,,,
0mv7j8p9,x7bqb2lw,,,,,,,,
0mv7j8p9,ivc05je1,,,,,,,,
0mv7j8p9,35tsaywk,,,,,,,,
0mv7j8p9,3xh88jjv,,,,,,,,
0mv7j8p9,aiklp4h2,,,,,,,,
0mv7j8p9,42e65koq,,,,,,,,
0mv7j8p9,unfpzvy2,,,,,,,,
0mv7j8p9,w9w3n40l,os52kga7,sg1mdqle,d64c656b,qxwczoys,9swgwdek,,,
0mv7j8p9,qxwczoys,os52kga7,w9w3n40l,sg1mdqle,d64c656b,9swgwdek,,,
0mv7j8p9,9swgwdek,os52kga7,w9w3n40l,sg1mdqle,d64c656b,qxwczoys,,,
0mv7j8p9,d64c656b,os52kga7,w9w3n40l,sg1mdqle,qxwczoys,9swgwdek,,,
0mv7j8p9,os52kga7,w9w3n40l,sg1mdqle,d64c656b,qxwczoys,9swgwdek,,,
239cmkfa,uhhwqxe9,,,,,,,,
239cmkfa,sqji2x1v,,,,,,,,
239cmkfa,n0cf9lhe,,,,,,,,
239cmkfa,f0mk2rmi,,,,,,,,
239cmkfa,d6dgjr4w,,,,,,,,
239cmkfa,pr4qezmx,,,,,,,,
239cmkfa,yt527bhj,,,,,,,,
239cmkfa,nwrlhqig,,,,,,,,
239cmkfa,v3wqx4jm,,,,,,,,
239cmkfa,l3hhe82g,,,,,,,,
239cmkfa,e18wpmw4,,,,,,,,
239cmkfa,odcbqd38,,,,,,,,
239cmkfa,aqb0dukf,,,,,,,,
239cmkfa,0uc4kkl0,,,,,,,,
239cmkfa,ezwj7sol,,,,,,,,
239cmkfa,3st6avmp,,,,,,,,
239cmkfa,7hcfta18,14aqu4ln,v36wuj0r,9fz91z5q,,,,,
239cmkfa,v36wuj0r,14aqu4ln,9fz91z5q,7hcfta18,,,,,
239cmkfa,14aqu4ln,v36wuj0r,9fz91z5q,7hcfta18,,,,,
239cmkfa,9fz91z5q,14aqu4ln,v36wuj0r,7hcfta18,,,,,
239cmkfa,g7nko1pz,,,,,,,,
239cmkfa,1m6cerb6,,,,,,,,
239cmkfa,6x6xctfo,,,,,,,,
239cmkfa,m61wc37l,,,,,,,,
239cmkfa,barrutfg,,,,,,,,
239cmkfa,pa39p94w,,,,,,,,
239cmkfa,l6hutaje,,,,,,,,
239cmkfa,8mbnwi3z,,,,,,,,
239cmkfa,jnidrigt,,,,,,,,
239cmkfa,veteq9a8,,,,,,,,
2m9rd2cp,fclsu8wg,,,,,,,,
2m9rd2cp,iheyajoy,,,,,,,,
2m9rd2cp,2luorra1,,,,,,,,
2m9rd2cp,2p37k7ie,,,,,,,,
2m9rd2cp,1krm626u,,,,,,,,
2m9rd2cp,mnufyam9,,,,,,,,
2m9rd2cp,vot9kehh,,,,,,,,
2m9rd2cp,8mlpwl3a,,,,,,,,
2m9rd2cp,nskinwk8,,,,,,,,
2m9rd2cp,xfj0xb1j,,,,,,,,
2m9rd2cp,1y0vdy34,srtf7i08,buesmn07,,,,,,
2m9rd2cp,1qc246ej,,,,,,,,
2m9rd2cp,zxiety6h,,,,,,,,
2m9rd2cp,wetbic8w,,,,,,,,
2m9rd2cp,5luspg1d,,,,,,,,
2m9rd2cp,p3sv0evt,,,,,,,,
2m9rd2cp,42idg9o3,,,,,,,,
2m9rd2cp,yxrn8oxt,,,,,,,,
2m9rd2cp,w68vdd0h,,,,,,,,
2m9rd2cp,z0rau7hl,,,,,,,,
2m9rd2cp,sz3xii8e,950ykzm1,41s7yj8y,,,,,,
2m9rd2cp,950ykzm1,4xkkedce,sz3xii8e,,,,,,
2m9rd2cp,dqbggpdx,,,,,,,,
2m9rd2cp,yjbw8ros,41s7yj8y,g6ufcly3,,,,,,
2m9rd2cp,srtf7i08,4tditzk5,1y0vdy34,,,,,,
2m9rd2cp,4xkkedce,950ykzm1,buesmn07,,,,,,
2m9rd2cp,xw79yj68,2to1e7tl,515yfwm0,,,,,,
2m9rd2cp,g6ufcly3,yjbw8ros,76gyjjir,,,,,,
2m9rd2cp,buesmn07,4xkkedce,1y0vdy34,,,,,,
2m9rd2cp,4tditzk5,515yfwm0,srtf7i08,,,,,,
2m9rd2cp,41s7yj8y,sz3xii8e,yjbw8ros,,,,,,
2m9rd2cp,yly7zfg8,,,,,,,,
2m9rd2cp,xk1vh9w9,,,,,,,,
2m9rd2cp,nlqglk51,,,,,,,,
2m9rd2cp,pvy7m3l4,,,,,,,,
2m9rd2cp,b3uztj6x,,,,,,,,
2m9rd2cp,6p67bj6v,2to1e7tl,76gyjjir,,,,,,
2m9rd2cp,2to1e7tl,6p67bj6v,xw79yj68,,,,,,
2m9rd2cp,515yfwm0,xw79yj68,4tditzk5,,,,,,
2m9rd2cp,76gyjjir,6p67bj6v,g6ufcly3,,,,,,
31f1vzlc,7z2tty51,8bz60rll,wnu0tref,,,,,,
31f1vzlc,4ecccqgs,kj108ev8,j6xzz8th,,,,,,
31f1vzlc,j6xzz8th,1i29hd8x,4ecccqgs,,,,,,
31f1vzlc,q8fcmi7n,wnu0tref,39r63lpk,,,,,,
31f1vzlc,kj108ev8,4ecccqgs,atiocivk,,,,,,
31f1vzlc,39r63lpk,q8fcmi7n,gk7az5nq,,,,,,
31f1vzlc,1i29hd8x,8bz60rll,j6xzz8th,,,,,,
31f1vzlc,atiocivk,kj108ev8,gk7az5nq,,,,,,
31f1vzlc,8bz60rll,1i29hd8x,7z2tty51,,,,,,
31f1vzlc,wnu0tref,7z2tty51,q8fcmi7n,,,,,,
31f1vzlc,gk7az5nq,39r63lpk,atiocivk,,,,,,
31f1vzlc,8fl22ed0,,,,,,,,
31f1vzlc,f7ak0ml9,,,,,,,,
31f1vzlc,b4lsif06,,,,,,,,
31f1vzlc,tynorq1c,,,,,,,,
31f1vzlc,6ge9s9ek,,,,,,,,
31f1vzlc,arrqjzeb,,,,,,,,
31f1vzlc,73hbot0p,,,,,,,,
31f1vzlc,30j8hffn,,,,,,,,
31f1vzlc,tkompbhz,,,,,,,,
31f1vzlc,8xmuam05,,,,,,,,
31f1vzlc,4ehsshny,,,,,,,,
31f1vzlc,xtzfngiq,,,,,,,,
31f1vzlc,uspmm2s2,,,,,,,,
31f1vzlc,setzeidw,,,,,,,,
31f1vzlc,qtruncg3,,,,,,,,
31f1vzlc,1z1mtqta,,,,,,,,
31f1vzlc,0a1640g0,,,,,,,,
31f1vzlc,kyiwwn8n,,,,,,,,
31f1vzlc,kfbn4hw2,,,,,,,,
31f1vzlc,38zwzt56,,,,,,,,
31f1vzlc,jab36wpt,,,,,,,,
31f1vzlc,6v2plmhn,,,,,,,,
31f1vzlc,f99eflum,,,,,,,,
31f1vzlc,gjxoyv6c,,,,,,,,
31f1vzlc,79yfq11x,,,,,,,,
31f1vzlc,0z9vfhk5,,,,,,,,
31f1vzlc,hif8cv1o,,,,,,,,
31f1vzlc,mtww4dnj,,,,,,,,
31f1vzlc,02psqye7,,,,,,,,
3uj4h12y,ga4qmrln,,,,,,,,
3uj4h12y,8dsb9p9q,,,,,,,,
3uj4h12y,vz87gf5z,,,,,,,,
3uj4h12y,6lehtlvu,,,,,,,,
3uj4h12y,8zagmwfg,,,,,,,,
3uj4h12y,opny6y05,,,,,,,,
3uj4h12y,1m2wcxsw,,,,,,,,
3uj4h12y,j2vlnaoe,,,,,,,,
3uj4h12y,fsu6bcw7,,,,,,,,
3uj4h12y,oyua0h6p,,,,,,,,
3uj4h12y,mkmn8fav,,,,,,,,
3uj4h12y,6e8fqo7m,,,,,,,,
3uj4h12y,4eetre8c,,,,,,,,
3uj4h12y,uawftdu1,,,,,,,,
3uj4h12y,ysypi6xx,,,,,,,,
4096k5hh,rt6r8wyl,,,,,,,,
4096k5hh,k5o6lsbm,,,,,,,,
4096k5hh,ryf91q8v,,,,,,,,
5ydhsfg6,d8t8c8gp,fxgey8o1,bk4ieibh,,,,,,
5ydhsfg6,pa7k4f93,ifskzaiy,rqyhp29i,,,,,,
5ydhsfg6,skya5ojd,p4f3glnm,f0hsq81m,,,,,,
5ydhsfg6,f0hsq81m,skya5ojd,ifskzaiy,,,,,,
5ydhsfg6,ku7sgxda,9d6txfsy,p4f3glnm,,,,,,
5ydhsfg6,rqyhp29i,cn7r440z,pa7k4f93,,,,,,
5ydhsfg6,bk4ieibh,9d6txfsy,d8t8c8gp,,,,,,
5ydhsfg6,fxgey8o1,7liogqhr,d8t8c8gp,,,,,,
5ydhsfg6,9d6txfsy,ku7sgxda,bk4ieibh,,,,,,
5ydhsfg6,p4f3glnm,ku7sgxda,skya5ojd,,,,,,
5ydhsfg6,cn7r440z,m97bh2zq,rqyhp29i,,,,,,
5ydhsfg6,m97bh2zq,cn7r440z,veenrge9,,,,,,
5ydhsfg6,veenrge9,m97bh2zq,wnhthjuq,,,,,,
5ydhsfg6,wnhthjuq,dno1o4zu,veenrge9,,,,,,
5ydhsfg6,dno1o4zu,pnbq14y0,wnhthjuq,,,,,,
5ydhsfg6,pnbq14y0,dno1o4zu,wgz1bsk5,,,,,,
5ydhsfg6,wgz1bsk5,pnbq14y0,bfq1yuvb,,,,,,
5ydhsfg6,bfq1yuvb,wgz1bsk5,7liogqhr,,,,,,
5ydhsfg6,7liogqhr,bfq1yuvb,fxgey8o1,,,,,,
5ydhsfg6,ifskzaiy,f0hsq81m,pa7k4f93,,,,,,
5z8p62yp,mdpupzfg,,,,,,,,
5z8p62yp,mm08cr8m,,,,,,,,
5z8p62yp,gzrdbssa,,,,,,,,
624bh00r,nj1af1gs,,,,,,,,
624bh00r,0yz4j449,,,,,,,,
624bh00r,ga7r6or8,,,,,,,,
624bh00r,jg3iw9uy,,,,,,,,
624bh00r,vi6af6u1,,,,,,,,
624bh00r,q9ms8z2w,,,,,,,,
624bh00r,51sccws5,,,,,,,,
624bh00r,i7sox426,,,,,,,,
624bh00r,9jc2ckrr,,,,,,,,
624bh00r,wxbb5ct0,,,,,,,,
624bh00r,30zgxsf7,,,,,,,,
624bh00r,xvzd4b6x,,,,,,,,
624bh00r,vudllusp,,,,,,,,
624bh00r,dwobrv7r,,,,,,,,
624bh00r,nojvvk4q,,,,,,,,
624bh00r,kh67gjxi,9a6nohpw,m4x1nzbi,haw0irc7,ix6ibvbz,,,,
624bh00r,haw0irc7,9a6nohpw,kh67gjxi,m4x1nzbi,ix6ibvbz,,,,
624bh00r,9a6nohpw,kh67gjxi,m4x1nzbi,haw0irc7,ix6ibvbz,,,,
624bh00r,m4x1nzbi,9a6nohpw,kh67gjxi,haw0irc7,ix6ibvbz,,,,
624bh00r,ix6ibvbz,9a6nohpw,kh67gjxi,m4x1nzbi,haw0irc7,,,,
624bh00r,hof6lrzl,,,,,,,,
624bh00r,n3vb8qw5,,,,,,,,
624bh00r,m9ebmw5z,,,,,,,,
624bh00r,l1r95sb1,,,,,,,,
624bh00r,989nrz5s,,,,,,,,
624bh00r,skbrsvtu,,,,,,,,
624bh00r,6kc9925v,,,,,,,,
624bh00r,4wqvp8r7,,,,,,,,
624bh00r,7x6bohx7,,,,,,,,
624bh00r,e7xtg0xc,,,,,,,,
6i5z0oiv,hokkd8y3,olyyhnv2,0i4b726f,a64ocxv1,w1o8wuo8,b99whmf4,fo3gm4va,,
6i5z0oiv,zdw3dnj4,,,,,,,,
6i5z0oiv,g5jfonlx,,,,,,,,
6i5z0oiv,arjmcsnk,,,,,,,,
6i5z0oiv,64s3rhpz,,,,,,,,
6i5z0oiv,xxtr32sk,,,,,,,,
6i5z0oiv,r3123t66,,,,,,,,
6i5z0oiv,ec7rgrfo,,,,,,,,
6i5z0oiv,gzze619l,,,,,,,,
6i5z0oiv,iljfft7p,,,,,,,,
6i5z0oiv,2lv8ctq6,,,,,,,,
6i5z0oiv,oh8utvmb,,,,,,,,
6i5z0oiv,zx6hdftd,,,,,,,,
6i5z0oiv,ozfkesna,,,,,,,,
6i5z0oiv,lhx5b2xe,,,,,,,,
6i5z0oiv,vfqqwg9y,,,,,,,,
6i5z0oiv,dzl2pqa0,,,,,,,,
6i5z0oiv,0e6d2swv,,,,,,,,
6i5z0oiv,ydi4d3gl,,,,,,,,
6i5z0oiv,wm1fblmd,,,,,,,,
6i5z0oiv,mb98syy4,,,,,,,,
6i5z0oiv,zvew4zal,,,,,,,,
6i5z0oiv,0i4b726f,olyyhnv2,a64ocxv1,hokkd8y3,w1o8wuo8,b99whmf4,fo3gm4va,,
6i5z0oiv,fo3gm4va,olyyhnv2,0i4b726f,a64ocxv1,hokkd8y3,w1o8wuo8,b99whmf4,,
6i5z0oiv,b99whmf4,olyyhnv2,0i4b726f,a64ocxv1,hokkd8y3,w1o8wuo8,fo3gm4va,,
6i5z0oiv,olyyhnv2,0i4b726f,a64ocxv1,hokkd8y3,w1o8wuo8,b99whmf4,fo3gm4va,,
6i5z0oiv,w1o8wuo8,olyyhnv2,0i4b726f,a64ocxv1,hokkd8y3,b99whmf4,fo3gm4va,,
6i5z0oiv,a64ocxv1,olyyhnv2,0i4b726f,hokkd8y3,w1o8wuo8,b99whmf4,fo3gm4va,,
6i5z0oiv,g8t2qt2o,,,,,,,,
6i5z0oiv,nsy6tous,,,,,,,,
6lk8ipmc,zqjr9vc1,,,,,,,,
6lk8ipmc,bnec07hh,,,,,,,,
6lk8ipmc,x4aq5b2c,,,,,,,,
6lk8ipmc,pgi0ompl,,,,,,,,
6lk8ipmc,q1p8wbk2,,,,,,,,
6lk8ipmc,w8iafj18,,,,,,,,
6lk8ipmc,wjx3rbva,,,,,,,,
6lk8ipmc,tngizcdv,,,,,,,,
6lk8ipmc,nw8249f7,,,,,,,,
6lk8ipmc,i4a75etl,,,,,,,,
6lk8ipmc,9c1bvoo4,,,,,,,,
6lk8ipmc,uwl0btkg,,,,,,,,
6lk8ipmc,3nvfdl8r,,,,,,,,
6lk8ipmc,s1wawpiq,,,,,,,,
6lk8ipmc,bvaw6zdw,dpd7xa34,2221axy2,,,,,,
6lk8ipmc,2221axy2,dpd7xa34,bvaw6zdw,,,,,,
6lk8ipmc,dpd7xa34,2221axy2,bvaw6zdw,,,,,,
6lk8ipmc,jsgealx4,,,,,,,,
6lk8ipmc,lxa9519s,,,,,,,,
6lk8ipmc,04kpg8z6,,,,,,,,
6lk8ipmc,7uoyqs1e,,,,,,,,
6lk8ipmc,exgut7tq,,,,,,,,
6lk8ipmc,0y46jdtc,,,,,,,,
6lk8ipmc,9n2wgs2s,,,,,,,,
6lk8ipmc,dzji0b91,,,,,,,,
6lk8ipmc,mri4x27q,,,,,,,,
6lk8ipmc,zwxe2peb,,,,,,,,
6lk8ipmc,yg2syyqs,,,,,,,,
6lk8ipmc,d3590tyb,,,,,,,,
6lk8ipmc,1knlfbmd,,,,,,,,
6q0wde4u,8xg6zejg,,,,,,,,
6q0wde4u,wkovqxm0,,,,,,,,
6q0wde4u,uar976rm,,,,,,,,
6ysrnvnv,djcamfoy,,,,,,,,
6ysrnvnv,b14pjgvv,,,,,,,,
6ysrnvnv,cfaogd4d,,,,,,,,
76uwfvz1,uwzq892x,,,,,,,,
76uwfvz1,4m1h7bua,,,,,,,,
76uwfvz1,8tlm7gvf,,,,,,,,
76uwfvz1,9fqqv3rq,,,,,,,,
76uwfvz1,1quuz48q,,,,,,,,
76uwfvz1,y0ruzknq,,,,,,,,
76uwfvz1,6md7sut9,uul2ko45,2kjaqpyo,,,,,,
76uwfvz1,uul2ko45,6md7sut9,2kjaqpyo,,,,,,
76uwfvz1,2kjaqpyo,6md7sut9,uul2ko45,,,,,,
76uwfvz1,uja20756,,,,,,,,
76uwfvz1,g2itknfg,,,,,,,,
76uwfvz1,ggolpuo2,,,,,,,,
76uwfvz1,mc1yxrng,,,,,,,,
76uwfvz1,x2xfkdyq,,,,,,,,
76uwfvz1,9j6hvjlh,,,,,,,,
76uwfvz1,w5wzhrhw,,,,,,,,
76uwfvz1,k7lxyt8m,,,,,,,,
76uwfvz1,80m05ic8,,,,,,,,
76uwfvz1,7ad2rmqb,,,,,,,,
76uwfvz1,tdt00h3n,,,,,,,,
7otptmk2,lq8le8oz,,,,,,,,
7otptmk2,wba7fzz4,,,,,,,,
7otptmk2,5i3wov87,,,,,,,,
7otptmk2,il1io024,,,,,,,,
7otptmk2,be8e6uct,,,,,,,,
7otptmk2,liv9opqp,,,,,,,,
7otptmk2,3v982dpp,,,,,,,,
7otptmk2,y4i0id0s,,,,,,,,
7otptmk2,g03n4tvr,,,,,,,,
7otptmk2,mwdpi3ya,,,,,,,,
7otptmk2,t4mx61rc,,,,,,,,
7otptmk2,0ayk9ixc,,,,,,,,
7otptmk2,b8kcppiu,,,,,,,,
7otptmk2,vftuwh39,h0d3wgt7,saqf5yxv,ek188zw3,wnpdmbq9,,,,
7otptmk2,ek188zw3,vftuwh39,saqf5yxv,mpw6xtbm,ruuof6f9,,,,
7otptmk2,saqf5yxv,vftuwh39,ek188zw3,ruuof6f9,xr0e5x1j,,,,
7otptmk2,h0d3wgt7,7gm6ex2t,vftuwh39,kgo6mj03,c8vkhha8,,,,
7otptmk2,mpw6xtbm,7gm6ex2t,v1nkt0dx,ruuof6f9,ek188zw3,,,,
7otptmk2,xr0e5x1j,7gm6ex2t,saqf5yxv,v1nkt0dx,ruuof6f9,,,,
7otptmk2,ruuof6f9,saqf5yxv,ek188zw3,mpw6xtbm,xr0e5x1j,,,,
7otptmk2,m9ojw876,,,,,,,,
7otptmk2,c8vkhha8,7gm6ex2t,h0d3wgt7,wnpdmbq9,kgo6mj03,,,,
7otptmk2,v1nkt0dx,wnpdmbq9,mpw6xtbm,kgo6mj03,xr0e5x1j,,,,
7otptmk2,wnpdmbq9,vftuwh39,v1nkt0dx,kgo6mj03,c8vkhha8,,,,
7otptmk2,kgo6mj03,h0d3wgt7,v1nkt0dx,wnpdmbq9,c8vkhha8,,,,
7otptmk2,zz9id8er,,,,,,,,
7otptmk2,wf09xhli,,,,,,,,
7otptmk2,7gm6ex2t,h0d3wgt7,mpw6xtbm,c8vkhha8,xr0e5x1j,,,,
7otptmk2,0ly20hc9,,,,,,,,
7otptmk2,1m07pm9j,,,,,,,,
7tbi6mwd,fvsl60fl,,,,,,,,
7tbi6mwd,9adixs4g,,,,,,,,
7tbi6mwd,ko3gnzaz,,,,,,,,
7tbi6mwd,nlcnck6c,,,,,,,,
7tbi6mwd,gxycjxjc,,,,,,,,
7tbi6mwd,uhkmy641,,,,,,,,
7tbi6mwd,hymio1wj,,,,,,,,
7tbi6mwd,4r9lxan9,,,,,,,,
7tbi6mwd,6uuzuh53,d1c070ko,j1okbscz,,,,,,
7tbi6mwd,ljkj1snv,,,,,,,,
7tbi6mwd,d1c070ko,6uuzuh53,r57fong8,,,,,,
7tbi6mwd,jk3q7ov1,,,,,,,,
7tbi6mwd,1wzdpuan,j1okbscz,r57fong8,,,,,,
7tbi6mwd,j1okbscz,6uuzuh53,1wzdpuan,,,,,,
7tbi6mwd,ufndy54l,,,,,,,,
7tbi6mwd,i0gqeq1l,,,,,,,,
7tbi6mwd,ea09n7ef,,,,,,,,
7tbi6mwd,2spz1ygs,,,,,,,,
7tbi6mwd,01l3bgcm,,,,,,,,
7tbi6mwd,r57fong8,d1c070ko,1wzdpuan,,,,,,
89ykytnu,fggycso7,rt28c8ip,dfpx5x7p,,,,,,
89ykytnu,bica5cnd,h9em0uts,e8p2bgna,,,,,,
89ykytnu,dw7sds69,4ft3yddt,z5lhq79j,,,,,,
89ykytnu,0g1vpmuv,v7hqx6y9,4ft3yddt,,,,,,
89ykytnu,v7hqx6y9,peh9x2qq,0g1vpmuv,,,,,,
89ykytnu,4ft3yddt,0g1vpmuv,dw7sds69,,,,,,
89ykytnu,b3bzjv7x,z5lhq79j,8n9puq6e,,,,,,
89ykytnu,z5lhq79j,dw7sds69,b3bzjv7x,,,,,,
89ykytnu,9pnaohsn,h88q80t4,8n9puq6e,,,,,,
89ykytnu,h88q80t4,9pnaohsn,jrvhshki,,,,,,
89ykytnu,jrvhshki,h88q80t4,vmy49st6,,,,,,
89ykytnu,vmy49st6,9oetp3b7,jrvhshki,,,,,,
89ykytnu,9oetp3b7,htnoc99f,vmy49st6,,,,,,
89ykytnu,htnoc99f,9oetp3b7,rt28c8ip,,,,,,
89ykytnu,rt28c8ip,htnoc99f,fggycso7,,,,,,
89ykytnu,dfpx5x7p,fggycso7,h9em0uts,,,,,,
89ykytnu,e8p2bgna,peh9x2qq,bica5cnd,,,,,,
89ykytnu,8n9puq6e,9pnaohsn,b3bzjv7x,,,,,,
89ykytnu,h9em0uts,dfpx5x7p,bica5cnd,,,,,,
89ykytnu,peh9x2qq,v7hqx6y9,e8p2bgna,,,,,,
8ayif8p1,k6zisdwt,,,,,,,,
8ayif8p1,7y41n0da,,,,,,,,
8ayif8p1,od55o7gi,,,,,,,,
8ayif8p1,ojoy2vq5,,,,,,,,
8ayif8p1,9rngurcd,,,,,,,,
8ayif8p1,8ax04toi,,,,,,,,
8ayif8p1,bk7srgvc,,,,,,,,
8ayif8p1,z9wb6vbt,,,,,,,,
8ayif8p1,gq3kskci,,,,,,,,
8ayif8p1,ucecplnl,,,,,,,,
8ayif8p1,krmrfd6n,,,,,,,,
8ayif8p1,cm2t9687,,,,,,,,
8ayif8p1,cozx1pu7,,,,,,,,
8ayif8p1,2hse8p82,,,,,,,,
8ayif8p1,omsrzngz,,,,,,,,
8ayif8p1,jf465trg,,,,,,,,
8ayif8p1,z8zvr6kx,,,,,,,,
8ayif8p1,lki4wngm,,,,,,,,
8ayif8p1,sqm5twa2,,,,,,,,
8ayif8p1,k54wg7l5,,,,,,,,
8ayif8p1,utsj4g1b,,,,,,,,
8ayif8p1,i2znawx0,,,,,,,,
8ayif8p1,an3qtk3x,,,,,,,,
8ayif8p1,ezx78mvm,,,,,,,,
8ayif8p1,la046dzk,,,,,,,,
8ayif8p1,xxt9dsok,,,,,,,,
8ayif8p1,jmae19hg,,,,,,,,
8ayif8p1,a8golvno,,,,,,,,
8ayif8p1,w5oop1wm,,,,,,,,
8ayif8p1,gjjj9gqt,,,,,,,,
942arxyx,2d8uknit,,,,,,,,
942arxyx,4gn6ejl5,,,,,,,,
942arxyx,meb645wi,vq72bqxa,nrzvfi0x,,,,,,
942arxyx,nrzvfi0x,vq72bqxa,meb645wi,,,,,,
942arxyx,vq72bqxa,meb645wi,nrzvfi0x,,,,,,
942arxyx,y9el81lb,,,,,,,,
942arxyx,nx2xc9mc,,,,,,,,
942arxyx,uldpouiq,,,,,,,,
942arxyx,6ph3wuys,,,,,,,,
942arxyx,gv5ulxhi,,,,,,,,
9582pncb,gj058l2u,,,,,,,,
9582pncb,6ka5nssv,,,,,,,,
9582pncb,7ttf70yj,,,,,,,,
9582pncb,n81fbhcx,,,,,,,,
9582pncb,lgcgiw44,,,,,,,,
9582pncb,lospqq2r,,,,,,,,
9582pncb,8aqbwrpb,,,,,,,,
9582pncb,cc1cpsfc,,,,,,,,
9582pncb,vhnkmjeh,,,,,,,,
9582pncb,c3kaa8zi,,,,,,,,
9582pncb,gijm1p9b,,,,,,,,
9582pncb,g926f89n,,,,,,,,
9582pncb,io3xqchr,,,,,,,,
9582pncb,9jyy5yd2,,,,,,,,
9582pncb,xxichct3,,,,,,,,
9582pncb,mo70dt3i,,,,,,,,
9582pncb,g77jx4fm,,,,,,,,
9582pncb,498ti0zz,,,,,,,,
9582pncb,kgeav7zd,,,,,,,,
9582pncb,xnyidzuw,,,,,,,,
9582pncb,5vrr8k1k,,,,,,,,
9582pncb,x4ycpa9c,,,,,,,,
9582pncb,o30hmnyk,,,,,,,,
9582pncb,663t3eo2,,,,,,,,
9582pncb,wj5qoyqp,,,,,,,,
9582pncb,ekw5tvgr,,,,,,,,
9582pncb,0uufp64a,,,,,,,,
9582pncb,0pd3dl3l,,,,,,,,
9582pncb,i0e1ngzn,,,,,,,,
9582pncb,7mcnzp9j,,,,,,,,
973hz778,3dyajywa,,,,,,,,
973hz778,0frwrg1y,,,,,,,,
973hz778,4qwbduk6,,,,,,,,
9pl9m1y7,2s8kuasy,,,,,,,,
9pl9m1y7,ityj3n8k,,,,,,,,
9pl9m1y7,8hkqis7h,,,,,,,,
9pl9m1y7,a1awzwqe,,,,,,,,
9pl9m1y7,2mtcfe9v,,,,,,,,
9pl9m1y7,fto9esfr,,,,,,,,
9pl9m1y7,n7yv3565,,,,,,,,
9pl9m1y7,1zo18wrx,,,,,,,,
9pl9m1y7,iy971cwq,,,,,,,,
9pl9m1y7,mfony1u7,,,,,,,,
9pl9m1y7,c584v6d9,,,,,,,,
9pl9m1y7,z88357pa,,,,,,,,
9pl9m1y7,esfh3ucl,,,,,,,,
9pl9m1y7,k4lfciw4,,,,,,,,
9pl9m1y7,3vpfa9kz,,,,,,,,
9pl9m1y7,vt5kvfli,,,,,,,,
9pl9m1y7,j7hcza5i,,,,,,,,
9pl9m1y7,r9blj2hh,,,,,,,,
9pl9m1y7,psp232qx,,,,,,,,
9pl9m1y7,fjksir26,,,,,,,,
9pl9m1y7,djehimg3,,,,,,,,
9pl9m1y7,w41e33gk,,,,,,,,
9pl9m1y7,4rk0yqom,,,,,,,,
9pl9m1y7,mewul4xb,,,,,,,,
9pl9m1y7,bkby1rms,,,,,,,,
9pl9m1y7,cs8wvd4v,,,,,,,,
9pl9m1y7,zzv3dnh2,,,,,,,,
9pl9m1y7,qyvwycj2,,,,,,,,
9pl9m1y7,9x39dox2,,,,,,,,
9pl9m1y7,iq3yw5lp,,,,,,,,
aab8cga3,dvig9sw0,nhf74azg,a8uff2q0,,,,,,
aab8cga3,tgamro2u,,,,,,,,
aab8cga3,nhf74azg,mx22ha3l,dvig9sw0,,,,,,
aab8cga3,mx22ha3l,jryh9yo6,nhf74azg,,,,,,
aab8cga3,r7ge5moc,,,,,,,,
aab8cga3,jryh9yo6,mx22ha3l,uxj6gycr,,,,,,
aab8cga3,uxj6gycr,jryh9yo6,a8uff2q0,,,,,,
aab8cga3,a8uff2q0,dvig9sw0,uxj6gycr,,,,,,
aab8cga3,spgbl6yn,,,,,,,,
aab8cga3,s0cuvlzi,,,,,,,,
aab8cga3,w4no0ir5,,,,,,,,
aab8cga3,52t4ui3c,,,,,,,,
aab8cga3,rbqubim1,,,,,,,,
aab8cga3,dklwmcxj,,,,,,,,
aab8cga3,gme9zqdw,,,,,,,,
aab8cga3,0zsl306r,,,,,,,,
aab8cga3,bh1q9xcq,,,,,,,,
aab8cga3,x431ldy6,,,,,,,,
aab8cga3,7xdfn1e3,,,,,,,,
aab8cga3,8wxhm9zr,,,,,,,,
bquung7a,orjvundu,,,,,,,,
bquung7a,23wginhl,,,,,,,,
bquung7a,vqwdsxhn,ffs56of7,3ps3sro8,,,,,,
bquung7a,3ps3sro8,vqwdsxhn,sfjfmlxu,,,,,,
bquung7a,sfjfmlxu,3ps3sro8,f2pk1drz,,,,,,
bquung7a,vlpe78og,,,,,,,,
bquung7a,j7etl8xs,,,,,,,,
bquung7a,p0arb5wl,,,,,,,,
bquung7a,dyuwy80c,,,,,,,,
bquung7a,smtpuct6,,,,,,,,
bquung7a,kvf2o5bp,,,,,,,,
bquung7a,ye2sbk4w,tu9a8a6i,srcgv3iw,,,,,,
bquung7a,aigqwind,a3gpd55b,cw92134n,,,,,,
bquung7a,aflmrxbh,,,,,,,,
bquung7a,f2pk1drz,sfjfmlxu,srcgv3iw,,,,,,
bquung7a,5d2kirg5,,,,,,,,
bquung7a,13dhx9yx,,,,,,,,
bquung7a,yz4ol4i5,,,,,,,,
bquung7a,wmgs8511,,,,,,,,
bquung7a,35dk5ytr,,,,,,,,
bquung7a,j4dyzagr,,,,,,,,
bquung7a,tu9a8a6i,ye2sbk4w,a3gpd55b,,,,,,
bquung7a,cw92134n,aigqwind,mlwkfjep,,,,,,
bquung7a,a3gpd55b,tu9a8a6i,aigqwind,,,,,,
bquung7a,d40jyxex,,,,,,,,
bquung7a,n5om2noe,vnqtw5mm,4kcj7wm4,,,,,,
bquung7a,v8dcot59,,,,,,,,
bquung7a,568jeuoi,,,,,,,,
bquung7a,vnqtw5mm,dcwu1czn,n5om2noe,,,,,,
bquung7a,ffs56of7,4oeu2lco,vqwdsxhn,,,,,,
bquung7a,hgpzskyl,,,,,,,,
bquung7a,exbsjmdm,,,,,,,,
bquung7a,td1m5uow,,,,,,,,
bquung7a,dcwu1czn,vnqtw5mm,4oeu2lco,,,,,,
bquung7a,4oeu2lco,dcwu1czn,ffs56of7,,,,,,
bquung7a,rd4gbiwo,,,,,,,,
bquung7a,4kcj7wm4,mlwkfjep,n5om2noe,,,,,,
bquung7a,srcgv3iw,ye2sbk4w,f2pk1drz,,,,,,
bquung7a,mlwkfjep,cw92134n,4kcj7wm4,,,,,,
bquung7a,joflzpa0,,,,,,,,
c09hp88s,8y4o4v7h,49k2js7l,i8v2v6k6,,,,,,
c09hp88s,i8v2v6k6,49k2js7l,8y4o4v7h,,,,,,
c09hp88s,49k2js7l,i8v2v6k6,8y4o4v7h,,,,,,
dhsdipge,22xt03qt,,,,,,,,
dhsdipge,ev0pc3t0,,,,,,,,
dhsdipge,dunb14qj,,,,,,,,
dhsdipge,b5a52e1x,,,,,,,,
dhsdipge,8p4zx0pk,,,,,,,,
dhsdipge,nkq38gvh,,,,,,,,
dhsdipge,cresq8x5,,,,,,,,
dhsdipge,yw2vu4ih,,,,,,,,
dhsdipge,vyubkl2q,,,,,,,,
dhsdipge,gksawe90,,,,,,,,
djg1gsp4,c37xcmmg,,,,,,,,
djg1gsp4,yruyn2w0,,,,,,,,
djg1gsp4,mm2dp619,,,,,,,,
dpss2k9p,pxdre9gd,,,,,,,,
dpss2k9p,uv74ft9p,,,,,,,,
dpss2k9p,wdb14tnd,,,,,,,,
dpss2k9p,6sxwl117,,,,,,,,
dpss2k9p,js55ndt0,,,,,,,,
dpss2k9p,50zoetkj,,,,,,,,
dpss2k9p,szobxcvu,,,,,,,,
dpss2k9p,twx5rkoh,,,,,,,,
dpss2k9p,qbouz1t9,,,,,,,,
dpss2k9p,5f31a17l,,,,,,,,
dpss2k9p,xvwgx7r4,,,,,,,,
dpss2k9p,5fxkiw0s,,,,,,,,
dpss2k9p,g8skbkem,,,,,,,,
dpss2k9p,jnbnrhso,,,,,,,,
dpss2k9p,1hmew8oj,,,,,,,,
dpss2k9p,g0afsrfz,,,,,,,,
dpss2k9p,iwrn8ke2,,,,,,,,
dpss2k9p,vmrqw1wr,,,,,,,,
dpss2k9p,kqvyyjck,,,,,,,,
dpss2k9p,brmolpfd,,,,,,,,
dpss2k9p,wfpnuuqc,,,,,,,,
dpss2k9p,jlrjz0nz,,,,,,,,
dpss2k9p,d56oqgf1,,,,,,,,
dpss2k9p,czjqy4v7,,,,,,,,
dpss2k9p,qa2mump1,,,,,,,,
dpss2k9p,sgd2z1ug,,,,,,,,
dpss2k9p,3f0vex2s,,,,,,,,
dpss2k9p,00lc0fvu,,,,,,,,
dpss2k9p,x2atw5xy,,,,,,,,
dpss2k9p,liz61wtz,,,,,,,,
ef0hzbwg,xuu2od7h,0tw2sw2e,kmneo9q9,,,,,,
ef0hzbwg,hhi5zsnv,74dfcjcf,fz8v2kfa,,,,,,
ef0hzbwg,74dfcjcf,ji49zxof,hhi5zsnv,,,,,,
ef0hzbwg,fz8v2kfa,hhi5zsnv,f0zzj5yj,,,,,,
ef0hzbwg,ji49zxof,gcssnn1p,74dfcjcf,,,,,,
ef0hzbwg,7uore93c,vlt8kkgw,c4bewd55,,,,,,
ef0hzbwg,kdgfzmak,2p57hvng,yn71y6f1,,,,,,
ef0hzbwg,2p57hvng,kdgfzmak,uek5x1ta,,,,,,
ef0hzbwg,vlt8kkgw,gcssnn1p,7uore93c,,,,,,
ef0hzbwg,gcssnn1p,vlt8kkgw,ji49zxof,,,,,,
ef0hzbwg,uek5x1ta,2p57hvng,yuoi50co,,,,,,
ef0hzbwg,yuoi50co,uek5x1ta,ltb88nlu,,,,,,
ef0hzbwg,ltb88nlu,yuoi50co,5nzaro6r,,,,,,
ef0hzbwg,f0zzj5yj,fz8v2kfa,kmneo9q9,,,,,,
ef0hzbwg,kmneo9q9,xuu2od7h,f0zzj5yj,,,,,,
ef0hzbwg,0tw2sw2e,xuu2od7h,2mubllt3,,,,,,
ef0hzbwg,c4bewd55,5nzaro6r,7uore93c,,,,,,
ef0hzbwg,5nzaro6r,ltb88nlu,c4bewd55,,,,,,
ef0hzbwg,2mubllt3,0tw2sw2e,yn71y6f1,,,,,,
ef0hzbwg,yn71y6f1,kdgfzmak,2mubllt3,,,,,,
ehcc5wgj,4pfsarb6,,,,,,,,
ehcc5wgj,qjwp58y2,,,,,,,,
ehcc5wgj,zabhwys8,3tf36p8m,f89ag8fa,,,,,,
ehcc5wgj,8g5da2bw,,,,,,,,
ehcc5wgj,f89ag8fa,zabhwys8,zkm4ivn8,,,,,,
ehcc5wgj,3v2aooyk,,,,,,,,
ehcc5wgj,fuxinpgf,3tf36p8m,zkm4ivn8,,,,,,
ehcc5wgj,zkm4ivn8,f89ag8fa,fuxinpgf,,,,,,
ehcc5wgj,3tf36p8m,zabhwys8,fuxinpgf,,,,,,
ehcc5wgj,vasx531j,,,,,,,,
emwpven2,xngs1r4o,zy9lcwp5,xpkcu5rz,,,,,,
emwpven2,xpkcu5rz,icumrbwd,xngs1r4o,,,,,,
emwpven2,icumrbwd,zy9lcwp5,xpkcu5rz,,,,,,
emwpven2,qs2c0bcp,,,,,,,,
emwpven2,l300zztt,,,,,,,,
emwpven2,ygzw65ed,,,,,,,,
emwpven2,l60i6m0t,,,,,,,,
emwpven2,dddta24k,,,,,,,,
emwpven2,zy9lcwp5,icumrbwd,xngs1r4o,,,,,,
emwpven2,t3dooad6,,,,,,,,
enxjuor7,d7u7qwio,,,,,,,,
enxjuor7,lnwzvtdt,,,,,,,,
enxjuor7,rr8douag,,,,,,,,
enxjuor7,h0yssfg9,,,,,,,,
enxjuor7,10do0y3a,,,,,,,,
enxjuor7,oex27nwt,,,,,,,,
enxjuor7,ny2c69fl,,,,,,,,
enxjuor7,x3y8zt1j,,,,,,,,
enxjuor7,qoaeds38,,,,,,,,
enxjuor7,abnfxigf,,,,,,,,
enxjuor7,64olc242,,,,,,,,
enxjuor7,obbty9oi,,,,,,,,
enxjuor7,r5cbybji,,,,,,,,
enxjuor7,c9b2fuj4,,,,,,,,
enxjuor7,hwj1g0hl,,,,,,,,
enxjuor7,kn5k8pad,,,,,,,,
enxjuor7,quryg0gi,,,,,,,,
enxjuor7,q1fv5gw0,,,,,,,,
enxjuor7,e3r8w154,,,,,,,,
enxjuor7,wx27c0z1,,,,,,,,
enxjuor7,7d2uyxzk,,,,,,,,
enxjuor7,3j3dv6pv,,,,,,,,
enxjuor7,dy3994jn,,,,,,,,
enxjuor7,7ealpgp4,,,,,,,,
enxjuor7,hekye63j,,,,,,,,
enxjuor7,n7po101s,,,,,,,,
enxjuor7,8y6zjj85,,,,,,,,
enxjuor7,v63fust9,,,,,,,,
enxjuor7,i6av1l44,,,,,,,,
enxjuor7,exwr800h,,,,,,,,
eu7tcyrg,lv8h3dsc,,,,,,,,
eu7tcyrg,b2sacmwg,,,,,,,,
eu7tcyrg,pf2h6zim,pwhpjqx4,j9ctq8x7,,,,,,
eu7tcyrg,j9ctq8x7,pf2h6zim,5kyqoy2v,,,,,,
eu7tcyrg,4t2r3qfp,tt8gq2g7,swa6eoga,,,,,,
eu7tcyrg,tt8gq2g7,4t2r3qfp,zc8myf1c,,,,,,
eu7tcyrg,swa6eoga,4t2r3qfp,5wm2jug0,,,,,,
eu7tcyrg,7i8yv9d6,,,,,,,,
eu7tcyrg,qrzpbu4w,,,,,,,,
eu7tcyrg,0finztz1,,,,,,,,
eu7tcyrg,5ckw5xbm,,,,,,,,
eu7tcyrg,529uxcm4,,,,,,,,
eu7tcyrg,1c1v8a5n,,,,,,,,
eu7tcyrg,irrydpke,,,,,,,,
eu7tcyrg,9cjv5ypl,,,,,,,,
eu7tcyrg,0jmgw3yj,,,,,,,,
eu7tcyrg,w5f8nyx2,,,,,,,,
eu7tcyrg,vd9dlpoq,,,,,,,,
eu7tcyrg,7zfbth6p,b8cb3di9,l21uvush,,,,,,
eu7tcyrg,b8cb3di9,bgmxlkvt,7zfbth6p,,,,,,
eu7tcyrg,l21uvush,7zfbth6p,5un7axyh,,,,,,
eu7tcyrg,bgmxlkvt,b8cb3di9,5kyqoy2v,,,,,,
eu7tcyrg,759n2vxo,,,,,,,,
eu7tcyrg,kqcjev1f,,,,,,,,
eu7tcyrg,xz735zjj,,,,,,,,
eu7tcyrg,iqsf4u32,,,,,,,,
eu7tcyrg,ytlxq86m,,,,,,,,
eu7tcyrg,tq1c4m56,,,,,,,,
eu7tcyrg,d6zvezat,,,,,,,,
eu7tcyrg,qngg41oo,,,,,,,,
eu7tcyrg,3tijbg90,,,,,,,,
eu7tcyrg,2yf3glvp,,,,,,,,
eu7tcyrg,oc4c69ry,,,,,,,,
eu7tcyrg,0y6tv24v,,,,,,,,
eu7tcyrg,aikh8wuj,,,,,,,,
eu7tcyrg,5un7axyh,l21uvush,zc8myf1c,,,,,,
eu7tcyrg,5wm2jug0,swa6eoga,pwhpjqx4,,,,,,
eu7tcyrg,pwhpjqx4,5wm2jug0,pf2h6zim,,,,,,
eu7tcyrg,zc8myf1c,tt8gq2g7,5un7axyh,,,,,,
eu7tcyrg,5kyqoy2v,bgmxlkvt,j9ctq8x7,,,,,,
frec209s,ewwkca59,,,,,,,,
frec209s,cusmtef5,em5lm86w,e8mvh82l,,,,,,
frec209s,v9hremrx,d1qbdjv6,68bm75fg,,,,,,
frec209s,uyxok6a7,x7msc3ac,68bm75fg,,,,,,
frec209s,e8mvh82l,cusmtef5,d1qbdjv6,,,,,,
frec209s,x7msc3ac,em5lm86w,uyxok6a7,,,,,,
frec209s,em5lm86w,x7msc3ac,cusmtef5,,,,,,
frec209s,d1qbdjv6,e8mvh82l,v9hremrx,,,,,,
frec209s,68bm75fg,v9hremrx,uyxok6a7,,,,,,
frec209s,e9mg8wa3,,,,,,,,
frec209s,5um4x06r,,,,,,,,
frec209s,y28yvgn9,,,,,,,,
frec209s,vzixy2qc,,,,,,,,
frec209s,7dn3e3f1,,,,,,,,
frec209s,298taw0w,,,,,,,,
frec209s,afmbx0my,,,,,,,,
frec209s,ieljr2b0,,,,,,,,
frec209s,hzo8efmx,,,,,,,,
frec209s,jn03xfei,,,,,,,,
frec209s,zxpb1cbj,,,,,,,,
fxdj37xs,a6f4vvi5,,,,,,,,
fxdj37xs,lv2w2ifs,,,,,,,,
fxdj37xs,am1z85dg,,,,,,,,
fxdj37xs,ospzrtlz,,,,,,,,
fxdj37xs,5uinxl1d,,,,,,,,
fxdj37xs,hpe1b3vk,,,,,,,,
fxdj37xs,rismwppx,,,,,,,,
fxdj37xs,9kz6rrd5,,,,,,,,
fxdj37xs,rsl85w3h,,,,,,,,
fxdj37xs,vzaomstd,,,,,,,,
fxdj37xs,ejpas4fi,,,,,,,,
fxdj37xs,q2vi5zen,,,,,,,,
fxdj37xs,1j8ox55x,,,,,,,,
fxdj37xs,tgr5ohui,,,,,,,,
fxdj37xs,8ofkoqx2,,,,,,,,
fxdj37xs,vonx7hpx,,,,,,,,
fxdj37xs,bcql1qzi,,,,,,,,
fxdj37xs,7wfy0ime,,,,,,,,
fxdj37xs,8a9rekum,,,,,,,,
fxdj37xs,pjsy8c05,,,,,,,,
fxdj37xs,hgnzu8ul,,,,,,,,
fxdj37xs,35acpg1j,,,,,,,,
fxdj37xs,r7umgcvz,,,,,,,,
fxdj37xs,edn0v65j,,,,,,,,
fxdj37xs,vcak875a,,,,,,,,
fxdj37xs,8o4ruqmi,,,,,,,,
fxdj37xs,4slz1jfd,,,,,,,,
fxdj37xs,56k20tig,,,,,,,,
fxdj37xs,mqudt464,,,,,,,,
fxdj37xs,2ddwfi32,,,,,,,,
g1ua1q1b,7uudydjv,,,,,,,,
g1ua1q1b,zx5p8yu3,xursetl5,f3ttlek0,6m76ufbu,dawcmh2e,,,,
g1ua1q1b,fdx4gaj3,ks7b892w,f3ttlek0,w16hgvjs,ty8esa07,,,,
g1ua1q1b,w16hgvjs,ks7b892w,f3ttlek0,fdx4gaj3,ty8esa07,,,,
g1ua1q1b,ty8esa07,f3ttlek0,w16hgvjs,fdx4gaj3,dawcmh2e,,,,
g1ua1q1b,dawcmh2e,xursetl5,zx5p8yu3,ty8esa07,6m76ufbu,,,,
g1ua1q1b,955kfwcz,,,,,,,,
g1ua1q1b,as5ychv0,,,,,,,,
g1ua1q1b,m4wd33ef,,,,,,,,
g1ua1q1b,xursetl5,ks7b892w,zx5p8yu3,6m76ufbu,dawcmh2e,,,,
g1ua1q1b,ks7b892w,xursetl5,w16hgvjs,fdx4gaj3,6m76ufbu,,,,
g1ua1q1b,f3ttlek0,zx5p8yu3,w16hgvjs,fdx4gaj3,ty8esa07,,,,
g1ua1q1b,mbe6bk5c,,,,,,,,
g1ua1q1b,6m76ufbu,ks7b892w,xursetl5,zx5p8yu3,dawcmh2e,,,,
g1ua1q1b,xgamygk7,,,,,,,,
g1ua1q1b,rm0bbdrh,,,,,,,,
g1ua1q1b,6mlh3qvi,,,,,,,,
g1ua1q1b,bkrnbb8h,,,,,,,,
g1ua1q1b,gm23e0f4,,,,,,,,
g1ua1q1b,7h1l44bs,,,,,,,,
g1ua1q1b,srw398y2,,,,,,,,
g1ua1q1b,uz547qp0,,,,,,,,
g1ua1q1b,1g1xpb8l,,,,,,,,
g1ua1q1b,9euuvn82,,,,,,,,
g1ua1q1b,hhxcji4w,,,,,,,,
g1ua1q1b,58x9zpf8,,,,,,,,
g1ua1q1b,gw7bv2fr,,,,,,,,
g1ua1q1b,xw28e05b,,,,,,,,
g1ua1q1b,9yr934lb,,,,,,,,
g1ua1q1b,k2mwjei0,,,,,,,,
g6jvaqxh,3nxb2ujd,,,,,,,,
g6jvaqxh,sk5g6o95,,,,,,,,
g6jvaqxh,7angesy9,,,,,,,,
gbwspag3,mhv31zkj,gjqrn6oy,39r56fyf,,,,,,
gbwspag3,trb9jlu8,kniyfuea,9kbfxoqe,,,,,,
gbwspag3,wrx1fizh,pxvjdff7,g8tonyl5,,,,,,
gbwspag3,56h0qqeu,6p6butrq,kniyfuea,,,,,,
gbwspag3,ijio04iq,6p6butrq,j19y2rbh,,,,,,
gbwspag3,eq97451g,eghpl7h1,j19y2rbh,,,,,,
gbwspag3,eghpl7h1,bs18kjig,eq97451g,,,,,,
gbwspag3,bs18kjig,qluq4hqw,eghpl7h1,,,,,,
gbwspag3,qluq4hqw,rfta25kx,bs18kjig,,,,,,
gbwspag3,rfta25kx,4nowrnjp,qluq4hqw,,,,,,
gbwspag3,4nowrnjp,rfta25kx,9joak3tz,,,,,,
gbwspag3,9joak3tz,4nowrnjp,39r56fyf,,,,,,
gbwspag3,39r56fyf,mhv31zkj,9joak3tz,,,,,,
gbwspag3,gjqrn6oy,mhv31zkj,g8tonyl5,,,,,,
gbwspag3,pxvjdff7,9kbfxoqe,wrx1fizh,,,,,,
gbwspag3,j19y2rbh,eq97451g,ijio04iq,,,,,,
gbwspag3,6p6butrq,56h0qqeu,ijio04iq,,,,,,
gbwspag3,kniyfuea,56h0qqeu,trb9jlu8,,,,,,
gbwspag3,9kbfxoqe,trb9jlu8,pxvjdff7,,,,,,
gbwspag3,g8tonyl5,gjqrn6oy,wrx1fizh,,,,,,
gkxv2amv,z26fes3b,,,,,,,,
gkxv2amv,hbnnrfhq,,,,,,,,
gkxv2amv,ng81eu2v,,,,,,,,
gv2d6pb3,5sfds5lj,,,,,,,,
gv2d6pb3,mkqdyu4u,,,,,,,,
gv2d6pb3,qg05voyc,,,,,,,,
h1zd5gjn,9sj5y3uc,,,,,,,,
h1zd5gjn,3sn3oj3k,,,,,,,,
h1zd5gjn,xm5k6hf2,,,,,,,,
h504sxxm,9r4cu9i7,,,,,,,,
h504sxxm,shtz4en8,,,,,,,,
h504sxxm,88jp0f61,,,,,,,,
h504sxxm,ldcs4n22,,,,,,,,
h504sxxm,zmwuw79s,,,,,,,,
h504sxxm,fmw9mvqa,,,,,,,,
h504sxxm,vtm0zzea,,,,,,,,
h504sxxm,7erhipmt,,,,,,,,
h504sxxm,ucv5hqi7,rrh677vv,2r578je0,j933dzk2,qsiolbon,,,,
h504sxxm,rrh677vv,ucv5hqi7,2r578je0,j933dzk2,qsiolbon,,,,
h504sxxm,rvanv7wd,,,,,,,,
h504sxxm,chk6gepz,,,,,,,,
h504sxxm,tv70fx4i,,,,,,,,
h504sxxm,oxicc1hw,,,,,,,,
h504sxxm,qsiolbon,ucv5hqi7,rrh677vv,2r578je0,j933dzk2,,,,
h504sxxm,j933dzk2,ucv5hqi7,rrh677vv,2r578je0,qsiolbon,,,,
h504sxxm,ylkl51jg,,,,,,,,
h504sxxm,ntkb1jeh,,,,,,,,
h504sxxm,e7a81gvp,,,,,,,,
h504sxxm,2j5mrqlu,,,,,,,,
h504sxxm,2r578je0,ucv5hqi7,rrh677vv,j933dzk2,qsiolbon,,,,
h504sxxm,h1o8mfhw,,,,,,,,
h504sxxm,emu5a8eh,,,,,,,,
h504sxxm,ipol6zlr,,,,,,,,
h504sxxm,d8twdoip,,,,,,,,
h504sxxm,fpjloucg,,,,,,,,
h504sxxm,pf5x5wpi,,,,,,,,
h504sxxm,c4jskzb6,,,,,,,,
h504sxxm,x842jqb1,,,,,,,,
h504sxxm,w742mm5p,,,,,,,,
i0wkxelq,8i8thcju,,,,,,,,
i0wkxelq,hes51pam,eo6rh1s8,za49ame5,,,,,,
i0wkxelq,toqsrzuj,,,,,,,,
i0wkxelq,fm4l3hib,,,,,,,,
i0wkxelq,1wqunldj,,,,,,,,
i0wkxelq,8h54r72w,,,,,,,,
i0wkxelq,udlay1o8,,,,,,,,
i0wkxelq,juvqvd5d,,,,,,,,
i0wkxelq,by5wwpu7,,,,,,,,
i0wkxelq,vy9yxa0z,,,,,,,,
i0wkxelq,ek8kw4qw,,,,,,,,
i0wkxelq,n1bnv7e1,,,,,,,,
i0wkxelq,3ehguqll,,,,,,,,
i0wkxelq,gtsev3yl,,,,,,,,
i0wkxelq,1yfpm8ya,,,,,,,,
i0wkxelq,zsu61454,,,,,,,,
i0wkxelq,ypnhz43j,0an00lum,3zl7g9xy,,,,,,
i0wkxelq,kp96zjx9,8fv3fsmo,eo6rh1s8,,,,,,
i0wkxelq,eo6rh1s8,kp96zjx9,hes51pam,,,,,,
i0wkxelq,fbpaw275,,,,,,,,
i0wkxelq,43a4edqt,,,,,,,,
i0wkxelq,qej7xynx,,,,,,,,
i0wkxelq,xg94y88q,,,,,,,,
i0wkxelq,fcyjgkn7,,,,,,,,
i0wkxelq,3zl7g9xy,ypnhz43j,8fv3fsmo,,,,,,
i0wkxelq,799vi8js,,,,,,,,
i0wkxelq,8fv3fsmo,3zl7g9xy,kp96zjx9,,,,,,
i0wkxelq,za49ame5,i8jupdmb,hes51pam,,,,,,
i0wkxelq,00ze63a5,1ib3kzd1,e3fl84ze,,,,,,
i0wkxelq,0an00lum,ypnhz43j,e3fl84ze,,,,,,
i0wkxelq,e3fl84ze,0an00lum,00ze63a5,,,,,,
i0wkxelq,729rc6rf,,,,,,,,
i0wkxelq,zpuzlivm,,,,,,,,
i0wkxelq,320ajb2h,,,,,,,,
i0wkxelq,z9j1o6hs,,,,,,,,
i0wkxelq,avckt4xl,i8jupdmb,1ib3kzd1,,,,,,
i0wkxelq,1ib3kzd1,avckt4xl,00ze63a5,,,,,,
i0wkxelq,i8jupdmb,avckt4xl,za49ame5,,,,,,
i0wkxelq,1a4ftyep,,,,,,,,
i0wkxelq,fww63nlx,,,,,,,,
j8q7437i,pi96dj16,5sv8k6l5,8d99huim,4joxyibd,vjfywf35,q3gyvlbx,,,
j8q7437i,q3gyvlbx,5sv8k6l5,8d99huim,pi96dj16,4joxyibd,vjfywf35,,,
j8q7437i,672en843,,,,,,,,
j8q7437i,4joxyibd,5sv8k6l5,8d99huim,pi96dj16,vjfywf35,q3gyvlbx,,,
j8q7437i,vjfywf35,5sv8k6l5,8d99huim,pi96dj16,4joxyibd,q3gyvlbx,,,
j8q7437i,5sv8k6l5,8d99huim,pi96dj16,4joxyibd,vjfywf35,q3gyvlbx,,,
j8q7437i,8d99huim,5sv8k6l5,pi96dj16,4joxyibd,vjfywf35,q3gyvlbx,,,
j8q7437i,p76vf5nz,,,,,,,,
j8q7437i,83kreyws,,,,,,,,
j8q7437i,s01qrbzu,,,,,,,,
j8q7437i,q8c5syqi,,,,,,,,
j8q7437i,snloj28d,,,,,,,,
j8q7437i,updficoz,,,,,,,,
j8q7437i,x8l7kpnr,,,,,,,,
j8q7437i,0zuy5oh9,,,,,,,,
j8q7437i,ajralt71,,,,,,,,
j8q7437i,786cedip,,,,,,,,
j8q7437i,h7blfs4f,,,,,,,,
j8q7437i,pzs62tbs,,,,,,,,
j8q7437i,zfogi08a,,,,,,,,
j8q7437i,nr1vhlhk,,,,,,,,
j8q7437i,2ytdlfgh,,,,,,,,
j8q7437i,r2g77d23,,,,,,,,
j8q7437i,8xuj0mo6,,,,,,,,
j8q7437i,kiiy2j8a,,,,,,,,
j8q7437i,45j8cist,,,,,,,,
j8q7437i,iq50sasc,,,,,,,,
j8q7437i,barav9sv,,,,,,,,
j8q7437i,8xx7z5yk,,,,,,,,
j8q7437i,yg6wq40u,,,,,,,,
jrseoprn,dxviqtie,,,,,,,,
jrseoprn,evwyyl1n,,,,,,,,
jrseoprn,h3mx0s93,,,,,,,,
jrseoprn,6myrlpvi,h0wi0jq1,k0q2x5lr,,,,,,
jrseoprn,6y5dwrj8,,,,,,,,
jrseoprn,y63y0udw,h0wi0jq1,o280qibn,,,,,,
jrseoprn,0yrslh0h,o280qibn,qdr7cfdx,,,,,,
jrseoprn,qnlm13xf,,,,,,,,
jrseoprn,jhb6ol1t,,,,,,,,
jrseoprn,sber5ng6,,,,,,,,
jrseoprn,sz5o5mmq,,,,,,,,
jrseoprn,ga5stlwn,,,,,,,,
jrseoprn,piygqhxm,,,,,,,,
jrseoprn,rcia0bk0,,,,,,,,
jrseoprn,qdr7cfdx,0yrslh0h,k0q2x5lr,,,,,,
jrseoprn,o280qibn,y63y0udw,0yrslh0h,,,,,,
jrseoprn,k0q2x5lr,qdr7cfdx,6myrlpvi,,,,,,
jrseoprn,h0wi0jq1,y63y0udw,6myrlpvi,,,,,,
jrseoprn,8ihubp4p,,,,,,,,
jrseoprn,z6lb3q99,,,,,,,,
kcl3nxae,aa943ptc,,,,,,,,
kcl3nxae,zlqjxjf9,,,,,,,,
kcl3nxae,dekrs29s,,,,,,,,
kfn4hfj7,d5rro99p,,,,,,,,
kfn4hfj7,stw99qy2,,,,,,,,
kfn4hfj7,q7v3yj00,,,,,,,,
kfn4hfj7,idpe1grd,s1joev33,wvlxzkn5,,,,,,
kfn4hfj7,6ccyzsaq,s1joev33,wvlxzkn5,,,,,,
kfn4hfj7,vumj5xpk,,,,,,,,
kfn4hfj7,dy32ai4r,,,,,,,,
kfn4hfj7,h2i38uq2,,,,,,,,
kfn4hfj7,s1joev33,idpe1grd,6ccyzsaq,,,,,,
kfn4hfj7,wvlxzkn5,idpe1grd,6ccyzsaq,,,,,,
kk4lff02,o3rg5kt5,,,,,,,,
kk4lff02,zjwd2429,,,,,,,,
kk4lff02,in4dikhy,,,,,,,,
krab6ohp,azjhr6ew,,,,,,,,
krab6ohp,bv5x4gvc,56n3qg0a,ym19q9bt,,,,,,
krab6ohp,bicjflen,9tjaia4s,ym19q9bt,,,,,,
krab6ohp,ym19q9bt,bv5x4gvc,bicjflen,,,,,,
krab6ohp,56n3qg0a,68sctqyb,bv5x4gvc,,,,,,
krab6ohp,9tjaia4s,lobuwfe5,bicjflen,,,,,,
krab6ohp,rrtcwy2b,,,,,,,,
krab6ohp,if9bqp1p,,,,,,,,
krab6ohp,3u7niuvd,,,,,,,,
krab6ohp,uzxakkkg,,,,,,,,
krab6ohp,68sctqyb,lobuwfe5,56n3qg0a,,,,,,
krab6ohp,lobuwfe5,9tjaia4s,68sctqyb,,,,,,
krab6ohp,ytzpgui5,,,,,,,,
krab6ohp,poqbg0di,,,,,,,,
krab6ohp,gjsy28s5,,,,,,,,
krab6ohp,rozk8e1c,,,,,,,,
krab6ohp,qsosmaic,,,,,,,,
krab6ohp,ycli78p2,,,,,,,,
krab6ohp,n8d03430,,,,,,,,
krab6ohp,g2yimocv,,,,,,,,
krab6ohp,05wdsvnh,,,,,,,,
krab6ohp,qgkhp5f8,,,,,,,,
krab6ohp,uny1vmm5,,,,,,,,
krab6ohp,rhiq9zfi,,,,,,,,
krab6ohp,e5kuixdj,,,,,,,,
krab6ohp,t97oegm2,,,,,,,,
krab6ohp,dg3divdg,,,,,,,,
krab6ohp,lmp4vye6,,,,,,,,
krab6ohp,djjioneu,,,,,,,,
krab6ohp,q9cm1e82,,,,,,,,
krab6ohp,cwszevj9,,,,,,,,
krab6ohp,lue2zjik,,,,,,,,
krab6ohp,o5sxy8y0,,,,,,,,
krab6ohp,97f0ck0z,,,,,,,,
krab6ohp,9i8wtpaa,,,,,,,,
krab6ohp,z9e1v5s6,,,,,,,,
krab6ohp,jq9jf841,,,,,,,,
krab6ohp,ip1hkjyw,,,,,,,,
krab6ohp,mlxkh89r,,,,,,,,
krab6ohp,6eexiqnc,,,,,,,,
ltg4dv3d,lxkmun48,fdwmei07,3488ewdm,6cfzkgsf,y7bxn78u,,,,
ltg4dv3d,2vse8nm6,3488ewdm,7kar76bb,bcp75knw,15xww5pd,,,,
ltg4dv3d,8t06dkqa,,,,,,,,
ltg4dv3d,mg78dlst,,,,,,,,
ltg4dv3d,85t3ppwh,,,,,,,,
ltg4dv3d,47sz1h6o,,,,,,,,
ltg4dv3d,2bfp3gmj,,,,,,,,
ltg4dv3d,4mk85a5c,,,,,,,,
ltg4dv3d,vnmcsw1s,,,,,,,,
ltg4dv3d,yzlq255n,,,,,,,,
ltg4dv3d,1hmmj504,,,,,,,,
ltg4dv3d,qkju5h3q,,,,,,,,
ltg4dv3d,vf3dq8ii,,,,,,,,
ltg4dv3d,f88lteyj,,,,,,,,
ltg4dv3d,sawdyrov,,,,,,,,
ltg4dv3d,1bqpll5t,fdwmei07,3488ewdm,urfzayaz,is3wbkd9,,,,
ltg4dv3d,urfzayaz,is3wbkd9,7kar76bb,1bqpll5t,y7bxn78u,,,,
ltg4dv3d,3xjgj2s3,,,,,,,,
ltg4dv3d,iewov4zs,,,,,,,,
ltg4dv3d,7kar76bb,stzr8nht,urfzayaz,2vse8nm6,is3wbkd9,,,,
ltg4dv3d,fdwmei07,3488ewdm,lxkmun48,6cfzkgsf,1bqpll5t,,,,
ltg4dv3d,stzr8nht,7kar76bb,15xww5pd,is3wbkd9,y7bxn78u,,,,
ltg4dv3d,is3wbkd9,stzr8nht,7kar76bb,urfzayaz,1bqpll5t,,,,
ltg4dv3d,y7bxn78u,lxkmun48,stzr8nht,urfzayaz,bcp75knw,,,,
ltg4dv3d,bcp75knw,6cfzkgsf,15xww5pd,2vse8nm6,y7bxn78u,,,,
ltg4dv3d,15xww5pd,stzr8nht,6cfzkgsf,2vse8nm6,bcp75knw,,,,
ltg4dv3d,3488ewdm,fdwmei07,lxkmun48,2vse8nm6,1bqpll5t,,,,
ltg4dv3d,6cfzkgsf,fdwmei07,lxkmun48,15xww5pd,bcp75knw,,,,
ltg4dv3d,1rntuobj,,,,,,,,
ltg4dv3d,ypb1z2c6,,,,,,,,
nieeagox,7rxm30la,gtbd2jyd,uvttxyrj,2o2g0gw0,kc8lzw0a,p2ih5qzp,m5zmpoqb,,
nieeagox,p2ih5qzp,gtbd2jyd,uvttxyrj,7rxm30la,2o2g0gw0,kc8lzw0a,m5zmpoqb,,
nieeagox,gtbd2jyd,uvttxyrj,7rxm30la,2o2g0gw0,kc8lzw0a,p2ih5qzp,m5zmpoqb,,
nieeagox,kc8lzw0a,gtbd2jyd,uvttxyrj,7rxm30la,2o2g0gw0,p2ih5qzp,m5zmpoqb,,
nieeagox,2o2g0gw0,gtbd2jyd,uvttxyrj,7rxm30la,kc8lzw0a,p2ih5qzp,m5zmpoqb,,
nieeagox,m5zmpoqb,gtbd2jyd,uvttxyrj,7rxm30la,2o2g0gw0,kc8lzw0a,p2ih5qzp,,
nieeagox,uvttxyrj,gtbd2jyd,7rxm30la,2o2g0gw0,kc8lzw0a,p2ih5qzp,m5zmpoqb,,
nieeagox,pjbaowez,,,,,,,,
nieeagox,xnlodkvk,,,,,,,,
nieeagox,2ryoowty,,,,,,,,
nieeagox,7d3bbqlu,,,,,,,,
nieeagox,62knuku4,,,,,,,,
nieeagox,ltkoapq1,,,,,,,,
nieeagox,0dwfs80r,,,,,,,,
nieeagox,ktk4y0tu,,,,,,,,
nieeagox,ss654yb8,,,,,,,,
nieeagox,g7u219kv,,,,,,,,
nieeagox,lryo31h9,,,,,,,,
nieeagox,4sg265j8,,,,,,,,
nieeagox,kxky67yw,,,,,,,,
nieeagox,vzm0jkl5,,,,,,,,
nieeagox,sudm1izz,,,,,,,,
nieeagox,dvsiwjb1,,,,,,,,
nieeagox,rnzk4uxp,,,,,,,,
nieeagox,gh6om97c,,,,,,,,
nieeagox,w0bfjciw,,,,,,,,
nieeagox,3d22glbj,,,,,,,,
nieeagox,0cfyw7wg,,,,,,,,
nieeagox,bjcsxcbd,,,,,,,,
nieeagox,x01b878a,,,,,,,,
nz9iv9en,a7igfk6f,,,,,,,,
nz9iv9en,lidoxkwg,,,,,,,,
nz9iv9en,e0r75es4,,,,,,,,
nz9iv9en,fa3x8vws,kgoih4t2,qyjfzjf0,n9780srm,5w4z78qg,fzozrq78,58pbqi72,,
nz9iv9en,kgoih4t2,qyjfzjf0,n9780srm,fa3x8vws,5w4z78qg,fzozrq78,58pbqi72,,
nz9iv9en,hci325m5,,,,,,,,
nz9iv9en,uyiz9y30,,,,,,,,
nz9iv9en,iq7347gv,,,,,,,,
nz9iv9en,fzozrq78,kgoih4t2,qyjfzjf0,n9780srm,fa3x8vws,5w4z78qg,58pbqi72,,
nz9iv9en,n9780srm,kgoih4t2,qyjfzjf0,fa3x8vws,5w4z78qg,fzozrq78,58pbqi72,,
nz9iv9en,5w4z78qg,kgoih4t2,qyjfzjf0,n9780srm,fa3x8vws,fzozrq78,58pbqi72,,
nz9iv9en,58pbqi72,kgoih4t2,qyjfzjf0,n9780srm,fa3x8vws,5w4z78qg,fzozrq78,,
nz9iv9en,qyjfzjf0,kgoih4t2,n9780srm,fa3x8vws,5w4z78qg,fzozrq78,58pbqi72,,
nz9iv9en,mhqthn0n,,,,,,,,
nz9iv9en,izlsbhl3,,,,,,,,
nz9iv9en,wugthex4,,,,,,,,
nz9iv9en,wma1ddln,,,,,,,,
nz9iv9en,m33nbv4n,,,,,,,,
nz9iv9en,3enl9tuc,,,,,,,,
nz9iv9en,ozm2le5u,,,,,,,,
nz9iv9en,sieg98av,,,,,,,,
nz9iv9en,pbzjex3o,,,,,,,,
nz9iv9en,rw43lei5,,,,,,,,
nz9iv9en,vkn5kuz3,,,,,,,,
nz9iv9en,o6g8leph,,,,,,,,
nz9iv9en,xl59y2ur,,,,,,,,
nz9iv9en,yv1pkrnd,,,,,,,,
nz9iv9en,c8fe5qo4,,,,,,,,
nz9iv9en,6hoh1qg1,,,,,,,,
nz9iv9en,9pcyuyvf,,,,,,,,
odl6fbvj,uighlfuy,tfxkpivc,t9cke5k8,crhwlmf0,hegdy1lg,,,,
odl6fbvj,hegdy1lg,tfxkpivc,uighlfuy,sr9dls1o,dmwsybqi,,,,
odl6fbvj,dmwsybqi,tfxkpivc,t9cke5k8,crhwlmf0,hegdy1lg,,,,
odl6fbvj,ftovtt1r,,,,,,,,
odl6fbvj,7nkacm3j,,,,,,,,
odl6fbvj,4mejr6o4,,,,,,,,
odl6fbvj,iswq2zx2,,,,,,,,
odl6fbvj,2sobv3m9,,,,,,,,
odl6fbvj,yqxazmhb,,,,,,,,
odl6fbvj,91ydfxlx,,,,,,,,
odl6fbvj,sai7r6pm,,,,,,,,
odl6fbvj,rry8aj72,,,,,,,,
odl6fbvj,st6iegnf,,,,,,,,
odl6fbvj,eyua697o,,,,,,,,
odl6fbvj,sr9dls1o,t9cke5k8,83i33zxz,crhwlmf0,hegdy1lg,,,,
odl6fbvj,crhwlmf0,uighlfuy,83i33zxz,sr9dls1o,dmwsybqi,,,,
odl6fbvj,tfxkpivc,uighlfuy,83i33zxz,hegdy1lg,dmwsybqi,,,,
odl6fbvj,t9cke5k8,uighlfuy,83i33zxz,sr9dls1o,dmwsybqi,,,,
odl6fbvj,83i33zxz,tfxkpivc,t9cke5k8,crhwlmf0,sr9dls1o,,,,
odl6fbvj,4s0n3h2n,,,,,,,,
odl6fbvj,zh95q9yu,,,,,,,,
odl6fbvj,8bn70leb,,,,,,,,
odl6fbvj,n9jwd5n0,,,,,,,,
odl6fbvj,oy9stn4f,,,,,,,,
odl6fbvj,ilchxwrh,,,,,,,,
odl6fbvj,gzyn8bz0,,,,,,,,
odl6fbvj,ccokni4t,,,,,,,,
odl6fbvj,2d7weq06,,,,,,,,
odl6fbvj,uq02dxgx,,,,,,,,
odl6fbvj,am6d8ra9,,,,,,,,
oflc49un,spag1xto,,,,,,,,
oflc49un,cyxpubk4,,,,,,,,
oflc49un,f4ohrxn4,,,,,,,,
oflc49un,0bv252tc,,,,,,,,
oflc49un,wwkra0ih,,,,,,,,
oflc49un,8t6ymq42,,,,,,,,
oflc49un,pyw5bteh,,,,,,,,
oflc49un,gy2sut57,,,,,,,,
oflc49un,np2jcicb,4wc9qjh2,y8batbm3,d22yf0w3,o47xqssj,,,,
oflc49un,o47xqssj,gtez2hze,4lv8u0n3,np2jcicb,wcgqfsuu,,,,
oflc49un,4lv8u0n3,gtez2hze,4wc9qjh2,d22yf0w3,o47xqssj,,,,
oflc49un,riey6z84,,,,,,,,
oflc49un,0zh72tsu,,,,,,,,
oflc49un,3x4xzbqq,,,,,,,,
oflc49un,0da283hc,,,,,,,,
oflc49un,s16cvy1z,,,,,,,,
oflc49un,kmlux35x,,,,,,,,
oflc49un,4go3kwy5,,,,,,,,
oflc49un,x5ymf4xv,,,,,,,,
oflc49un,dsukl2yk,,,,,,,,
oflc49un,lwexkhld,,,,,,,,
oflc49un,pa8usmi3,,,,,,,,
oflc49un,803tqp84,,,,,,,,
oflc49un,jymneqxs,,,,,,,,
oflc49un,wcgqfsuu,gtez2hze,4wc9qjh2,d22yf0w3,o47xqssj,,,,
oflc49un,burxesqv,,,,,,,,
oflc49un,4wc9qjh2,4lv8u0n3,y8batbm3,np2jcicb,wcgqfsuu,,,,
oflc49un,y8batbm3,gtez2hze,4wc9qjh2,d22yf0w3,np2jcicb,,,,
oflc49un,d22yf0w3,4lv8u0n3,y8batbm3,np2jcicb,wcgqfsuu,,,,
oflc49un,gtez2hze,4lv8u0n3,y8batbm3,o47xqssj,wcgqfsuu,,,,
oi2esved,1rs2p7z0,,,,,,,,
oi2esved,9kxcvnmo,ul8zfmtd,vhs76pfu,,,,,,
oi2esved,ul8zfmtd,vhs76pfu,9kxcvnmo,,,,,,
oi2esved,vhs76pfu,ul8zfmtd,9kxcvnmo,,,,,,
oi2esved,czbghos1,,,,,,,,
oi2esved,9qkdhkk3,,,,,,,,
oi2esved,dtsikcg6,,,,,,,,
oi2esved,wes8nkx5,,,,,,,,
oi2esved,hknrdnzm,,,,,,,,
oi2esved,l6lzesgn,,,,,,,,
ovhybbdp,4mbjihf2,,,,,,,,
ovhybbdp,4l39v9qo,,,,,,,,
ovhybbdp,ywvy32sd,,,,,,,,
owcxx2ke,w37obxh4,,,,,,,,
owcxx2ke,wtkdgpf6,,,,,,,,
owcxx2ke,04rrzymh,,,,,,,,
pq9oykvd,3ohz5ey0,,,,,,,,
pq9oykvd,qrc0chid,,,,,,,,
pq9oykvd,vkuvgmqo,,,,,,,,
pzv22f48,nqeic4di,ddw8u5cc,478wsclo,,,,,,
pzv22f48,s6z0wozj,,,,,,,,
pzv22f48,478wsclo,nqeic4di,o7sx05sr,,,,,,
pzv22f48,szqmstvp,mvrnznoq,1xvi6k0h,,,,,,
pzv22f48,ddw8u5cc,1xvi6k0h,nqeic4di,,,,,,
pzv22f48,mvrnznoq,szqmstvp,o7sx05sr,,,,,,
pzv22f48,mb3mo05k,,,,,,,,
pzv22f48,03zsy9hd,,,,,,,,
pzv22f48,s56cvnkz,,,,,,,,
pzv22f48,o7sx05sr,mvrnznoq,478wsclo,,,,,,
pzv22f48,udkbmg6b,,,,,,,,
pzv22f48,qhnlpytq,,,,,,,,
pzv22f48,c4rzireu,,,,,,,,
pzv22f48,lfobh0nh,,,,,,,,
pzv22f48,ej4uc4yq,,,,,,,,
pzv22f48,q3wn4lgf,,,,,,,,
pzv22f48,8wry0bwf,,,,,,,,
pzv22f48,1xvi6k0h,szqmstvp,ddw8u5cc,,,,,,
pzv22f48,fov893wp,,,,,,,,
pzv22f48,90a998b8,,,,,,,,
qag2y8e5,qllqj7d3,,,,,,,,
qag2y8e5,2f9q7x26,,,,,,,,
qag2y8e5,8jm5lv4q,,,,,,,,
r7gyn3n4,w9q81zf0,,,,,,,,
r7gyn3n4,v3378ozs,,,,,,,,
r7gyn3n4,5yjvgxom,4usb23gs,iiwu0o96,,,,,,
r7gyn3n4,4usb23gs,jmm2id0t,5yjvgxom,,,,,,
r7gyn3n4,jmm2id0t,4usb23gs,iiwu0o96,,,,,,
r7gyn3n4,iiwu0o96,jmm2id0t,5yjvgxom,,,,,,
r7gyn3n4,jx0t59lv,,,,,,,,
r7gyn3n4,h40nlzh2,,,,,,,,
r7gyn3n4,8ab34w3m,,,,,,,,
r7gyn3n4,z1ofavd6,,,,,,,,
rbr0meg2,lj63o3q1,,,,,,,,
rbr0meg2,g36a75pc,,,,,,,,
rbr0meg2,efocqr91,,,,,,,,
s14j5qtb,w6xl1ujw,h059202p,uh2gmjp7,,,,,,
s14j5qtb,7486zh6b,,,,,,,,
s14j5qtb,61ku3rmc,,,,,,,,
s14j5qtb,la5eoy3l,,,,,,,,
s14j5qtb,83hicjku,,,,,,,,
s14j5qtb,vnfgpf1f,,,,,,,,
s14j5qtb,g8mj3nxf,,,,,,,,
s14j5qtb,ytjxr0uk,,,,,,,,
s14j5qtb,hdorr32f,,,,,,,,
s14j5qtb,wskvqelq,,,,,,,,
s14j5qtb,98he763z,,,,,,,,
s14j5qtb,j6qnholz,,,,,,,,
s14j5qtb,qmr3ouje,,,,,,,,
s14j5qtb,ncq8fw3m,,,,,,,,
s14j5qtb,wt6hc7ru,,,,,,,,
s14j5qtb,lt5q5ags,,,,,,,,
s14j5qtb,y3ghpzst,,,,,,,,
s14j5qtb,ujrhs73d,,,,,,,,
s14j5qtb,dth2rhnb,,,,,,,,
s14j5qtb,w4u7ttfq,,,,,,,,
s14j5qtb,yoj1tldo,,,,,,,,
s14j5qtb,2p7y6qm0,,,,,,,,
s14j5qtb,spmazeov,,,,,,,,
s14j5qtb,q9zprv50,,,,,,,,
s14j5qtb,w7p52gsz,,,,,,,,
s14j5qtb,ghzt7bzc,,,,,,,,
s14j5qtb,793kpmaa,,,,,,,,
s14j5qtb,qtic1mzx,,,,,,,,
s14j5qtb,udifmopk,uh2gmjp7,fjsf0n37,,,,,,
s14j5qtb,avpzp49n,z83zpeil,hnh2jbw1,,,,,,
s14j5qtb,h0c53hd6,kii8vvp2,2t197mwa,,,,,,
s14j5qtb,2t197mwa,h0c53hd6,6wky5y67,,,,,,
s14j5qtb,uh2gmjp7,w6xl1ujw,udifmopk,,,,,,
s14j5qtb,hnh2jbw1,h059202p,avpzp49n,,,,,,
s14j5qtb,z83zpeil,6wky5y67,avpzp49n,,,,,,
s14j5qtb,fjsf0n37,axu3w0g5,udifmopk,,,,,,
s14j5qtb,6wky5y67,2t197mwa,z83zpeil,,,,,,
s14j5qtb,kii8vvp2,axu3w0g5,h0c53hd6,,,,,,
s14j5qtb,h059202p,w6xl1ujw,hnh2jbw1,,,,,,
s14j5qtb,axu3w0g5,kii8vvp2,fjsf0n37,,,,,,
s4b2hm2f,fm8q1der,exvqipbg,rrrityqu,eybr1cxw,i324j631,gxpzkeow,tndhshiv,57g3pg15,wh2rigby
s4b2hm2f,tb9472ht,,,,,,,,
s4b2hm2f,wh2rigby,exvqipbg,eybr1cxw,fm8q1der,i324j631,gxpzkeow,tndhshiv,aj8uq3gr,57g3pg15
s4b2hm2f,eybr1cxw,exvqipbg,rrrityqu,fm8q1der,i324j631,tndhshiv,aj8uq3gr,57g3pg15,wh2rigby
s4b2hm2f,aj8uq3gr,exvqipbg,rrrityqu,eybr1cxw,i324j631,gxpzkeow,tndhshiv,57g3pg15,wh2rigby
s4b2hm2f,57g3pg15,exvqipbg,rrrityqu,eybr1cxw,fm8q1der,i324j631,gxpzkeow,aj8uq3gr,wh2rigby
s4b2hm2f,rrrityqu,exvqipbg,eybr1cxw,fm8q1der,i324j631,gxpzkeow,tndhshiv,aj8uq3gr,57g3pg15
s4b2hm2f,nhl9qh3c,,,,,,,,
s4b2hm2f,v7dc9xu4,,,,,,,,
s4b2hm2f,66whwr9d,,,,,,,,
s4b2hm2f,11ns2ppj,,,,,,,,
s4b2hm2f,6nwy2emz,,,,,,,,
s4b2hm2f,3l4aqraz,,,,,,,,
s4b2hm2f,p00k5r4z,,,,,,,,
s4b2hm2f,791ykimi,,,,,,,,
s4b2hm2f,yrb7xumd,,,,,,,,
s4b2hm2f,vxliniv3,,,,,,,,
s4b2hm2f,mv4n13hi,,,,,,,,
s4b2hm2f,lu5xrkin,,,,,,,,
s4b2hm2f,y0wg6w28,,,,,,,,
s4b2hm2f,jiqbtn4t,,,,,,,,
s4b2hm2f,iif9v9mu,,,,,,,,
s4b2hm2f,wtsv57li,,,,,,,,
s4b2hm2f,h2ir9vmw,,,,,,,,
s4b2hm2f,qxgs2eei,,,,,,,,
s4b2hm2f,8hkuh2e8,,,,,,,,
s4b2hm2f,i324j631,rrrityqu,eybr1cxw,fm8q1der,gxpzkeow,tndhshiv,aj8uq3gr,57g3pg15,wh2rigby
s4b2hm2f,exvqipbg,rrrityqu,eybr1cxw,fm8q1der,gxpzkeow,tndhshiv,aj8uq3gr,57g3pg15,wh2rigby
s4b2hm2f,gxpzkeow,exvqipbg,rrrityqu,fm8q1der,i324j631,tndhshiv,aj8uq3gr,57g3pg15,wh2rigby
s4b2hm2f,tndhshiv,exvqipbg,rrrityqu,eybr1cxw,fm8q1der,i324j631,gxpzkeow,aj8uq3gr,wh2rigby
tdr62nxk,jhrrwa0v,,,,,,,,
tdr62nxk,cah7pzpj,,,,,,,,
tdr62nxk,430hpdej,,,,,,,,
ty1ttrub,ozbw0ikl,,,,,,,,
ty1ttrub,8f13m84s,,,,,,,,
ty1ttrub,mln15fb1,,,,,,,,
ty1ttrub,pkyt110j,,,,,,,,
ty1ttrub,fgliqxqf,c4t32pk6,pom5h2ns,,,,,,
ty1ttrub,c4t32pk6,ztkzqeu0,fgliqxqf,,,,,,
ty1ttrub,ztkzqeu0,e3o1h9l9,c4t32pk6,,,,,,
ty1ttrub,e3o1h9l9,ztkzqeu0,ro25hd0g,,,,,,
ty1ttrub,w2x7xqw2,77mufefn,x6j0j6le,,,,,,
ty1ttrub,x6j0j6le,ih9bl077,w2x7xqw2,,,,,,
ty1ttrub,ih9bl077,pom5h2ns,x6j0j6le,,,,,,
ty1ttrub,pom5h2ns,fgliqxqf,ih9bl077,,,,,,
ty1ttrub,2r8fmw40,,,,,,,,
ty1ttrub,1veotgq0,,,,,,,,
ty1ttrub,rk2djx1u,,,,,,,,
ty1ttrub,rs8kyc8x,,,,,,,,
ty1ttrub,gqe82xla,,,,,,,,
ty1ttrub,iead7sb4,,,,,,,,
ty1ttrub,mf1492pw,,,,,,,,
ty1ttrub,dmdl12nt,,,,,,,,
ty1ttrub,77mufefn,ha2tvqyr,w2x7xqw2,,,,,,
ty1ttrub,ha2tvqyr,77mufefn,raiihk3u,,,,,,
ty1ttrub,raiihk3u,w19if83m,ha2tvqyr,,,,,,
ty1ttrub,w19if83m,bpjjzf7e,raiihk3u,,,,,,
ty1ttrub,bpjjzf7e,w19if83m,o31tjr52,,,,,,
ty1ttrub,o31tjr52,bpjjzf7e,19lumue3,,,,,,
ty1ttrub,19lumue3,o31tjr52,yoqv7zk1,,,,,,
ty1ttrub,yoqv7zk1,19lumue3,pgp5yf0w,,,,,,
ty1ttrub,pgp5yf0w,yoqv7zk1,oeruo785,,,,,,
ty1ttrub,oeruo785,pgp5yf0w,ro25hd0g,,,,,,
ty1ttrub,ro25hd0g,e3o1h9l9,oeruo785,,,,,,
ty1ttrub,ileaz6c4,,,,,,,,
ty1ttrub,snbyb6gx,,,,,,,,
ty1ttrub,g8u3uukq,,,,,,,,
ty1ttrub,4ndlzwdg,,,,,,,,
ty1ttrub,4zdl0hcu,,,,,,,,
ty1ttrub,hxegg6t2,,,,,,,,
ty1ttrub,g8dyldnb,,,,,,,,
ty1ttrub,gbkt8r29,,,,,,,,
ty1ttrub,9h8qmr6a,,,,,,,,
ub8pim6i,010s0i2f,,,,,,,,
ub8pim6i,pj9fw8kc,mh7g2ax2,e1iog1do,,,,,,
ub8pim6i,97yu1b7p,,,,,,,,
ub8pim6i,mh7g2ax2,y9sl2etg,pj9fw8kc,,,,,,
ub8pim6i,53za9auo,,,,,,,,
ub8pim6i,y9sl2etg,mh7g2ax2,e1iog1do,,,,,,
ub8pim6i,q2p0nu5v,,,,,,,,
ub8pim6i,z2fgyxtr,,,,,,,,
ub8pim6i,4jv38u6u,,,,,,,,
ub8pim6i,e1iog1do,y9sl2etg,pj9fw8kc,,,,,,
uooydyx2,gfefbu8u,,,,,,,,
uooydyx2,l39hhlv5,,,,,,,,
uooydyx2,z3cvgexd,,,,,,,,
vhmb74qv,c28394f5,mmp3a2oi,wew8y6d5,,,,,,
vhmb74qv,mmp3a2oi,f8iqyh17,c28394f5,,,,,,
vhmb74qv,wvc2awm0,6n7bpiu9,j90n3wk9,,,,,,
vhmb74qv,efs6kpyg,57otk8n2,f8iqyh17,,,,,,
vhmb74qv,wew8y6d5,j90n3wk9,c28394f5,,,,,,
vhmb74qv,ue95nr3s,57otk8n2,6n7bpiu9,,,,,,
vhmb74qv,6n7bpiu9,ue95nr3s,wvc2awm0,,,,,,
vhmb74qv,f8iqyh17,efs6kpyg,mmp3a2oi,,,,,,
vhmb74qv,j90n3wk9,wvc2awm0,wew8y6d5,,,,,,
vhmb74qv,57otk8n2,efs6kpyg,ue95nr3s,,,,,,
vjdla1q9,jtz2ce9w,,,,,,,,
vjdla1q9,mazso34n,q4fctmre,yh9eyxn5,,,,,,
vjdla1q9,85q06ilu,q4fctmre,cfr0i4oh,,,,,,
vjdla1q9,cfr0i4oh,yh9eyxn5,85q06ilu,,,,,,
vjdla1q9,yje6gulu,,,,,,,,
vjdla1q9,259qn4wa,,,,,,,,
vjdla1q9,yh9eyxn5,mazso34n,cfr0i4oh,,,,,,
vjdla1q9,q4fctmre,mazso34n,85q06ilu,,,,,,
vjdla1q9,g4k20uio,,,,,,,,
vjdla1q9,kppwfrhu,,,,,,,,
vkncyz5w,6t1yxynh,,,,,,,,
vkncyz5w,gr0p7ipe,,,,,,,,
vkncyz5w,d4q50zms,,,,,,,,
wc7b7s80,83fot3ob,,,,,,,,
wc7b7s80,rp7bo3ru,hhnk5ycs,vufl7v0n,,,,,,
wc7b7s80,hhnk5ycs,rp7bo3ru,vufl7v0n,,,,,,
wc7b7s80,vufl7v0n,hhnk5ycs,rp7bo3ru,,,,,,
wc7b7s80,tx5dfam7,,,,,,,,
wc7b7s80,2ubm5259,,,,,,,,
wc7b7s80,c4fhqel8,,,,,,,,
wc7b7s80,vsdsw2h4,,,,,,,,
wc7b7s80,zgsrk41h,,,,,,,,
wc7b7s80,c9huqzli,,,,,,,,
wc7b7s80,2lj14bqq,,,,,,,,
wc7b7s80,774vvcb2,,,,,,,,
wc7b7s80,2xluj1pk,,,,,,,,
wc7b7s80,m9371jyc,,,,,,,,
wc7b7s80,b9q5u7nb,,,,,,,,
wc7b7s80,z9o52unl,,,,,,,,
wc7b7s80,gxnr6omc,,,,,,,,
wc7b7s80,s6lc125h,,,,,,,,
wc7b7s80,4qq3qcfw,,,,,,,,
wc7b7s80,h622q4i6,,,,,,,,
wc7b7s80,19s90ks5,,,,,,,,
wc7b7s80,s6l5qm4c,,,,,,,,
wc7b7s80,21u8dlq9,,,,,,,,
wc7b7s80,vocnz4km,,,,,,,,
wc7b7s80,depw9w7r,,,,,,,,
wc7b7s80,b6u9lesm,,,,,,,,
wc7b7s80,c5h0leqv,,,,,,,,
wc7b7s80,3zxb43ea,,,,,,,,
wc7b7s80,yfohhabu,,,,,,,,
wc7b7s80,yf7v56i2,,,,,,,,
wc7b7s80,2plp6mh0,,,,,,,,
wc7b7s80,93pudirh,,,,,,,,
wc7b7s80,uv88aw3k,,,,,,,,
wc7b7s80,aooyy10b,,,,,,,,
wc7b7s80,t69fog5r,,,,,,,,
wc7b7s80,b9ns2yug,,,,,,,,
wc7b7s80,0kxu0nl4,,,,,,,,
wc7b7s80,5196gwao,,,,,,,,
wc7b7s80,tys7sq9j,,,,,,,,
wc7b7s80,069ge83r,,,,,,,,
wgowd92m,7bqy648d,,,,,,,,
wgowd92m,iilg3rfw,,,,,,,,
wgowd92m,m59q6w4p,,,,,,,,
whxk45wo,zgjw0n6d,2iuuj70h,zhttk2dv,vj8lr9ls,bmnvj14m,,,,
whxk45wo,zhttk2dv,x7a4j6b0,zgjw0n6d,dfe3ncrb,bmnvj14m,,,,
whxk45wo,p4kjv7n9,nql1qfvw,x7a4j6b0,dfe3ncrb,sw4yadiv,,,,
whxk45wo,nql1qfvw,2iuuj70h,x7a4j6b0,vj8lr9ls,p4kjv7n9,,,,
whxk45wo,2iuuj70h,nql1qfvw,zgjw0n6d,xvf33pi2,sw4yadiv,,,,
whxk45wo,x7a4j6b0,nql1qfvw,p4kjv7n9,zhttk2dv,xvf33pi2,,,,
whxk45wo,dfe3ncrb,p4kjv7n9,zhttk2dv,sw4yadiv,bmnvj14m,,,,
whxk45wo,dhoie4js,,,,,,,,
whxk45wo,eno4za9q,,,,,,,,
whxk45wo,mxorbbr6,,,,,,,,
whxk45wo,hs3j9xge,,,,,,,,
whxk45wo,wrqbkojn,,,,,,,,
whxk45wo,sw4yadiv,2iuuj70h,dfe3ncrb,vj8lr9ls,p4kjv7n9,,,,
whxk45wo,srlnrigh,,,,,,,,
whxk45wo,jms36m15,,,,,,,,
whxk45wo,bmnvj14m,zhttk2dv,zgjw0n6d,dfe3ncrb,xvf33pi2,,,,
whxk45wo,vj8lr9ls,nql1qfvw,zgjw0n6d,xvf33pi2,sw4yadiv,,,,
whxk45wo,g6nzq2wk,,,,,,,,
whxk45wo,1p1d9tac,,,,,,,,
whxk45wo,k284em3g,,,,,,,,
whxk45wo,o8iek111,,,,,,,,
whxk45wo,0iyu2fv4,,,,,,,,
whxk45wo,v7kjjrxx,,,,,,,,
whxk45wo,olomldvd,,,,,,,,
whxk45wo,kspr1dce,,,,,,,,
whxk45wo,0yrtllst,,,,,,,,
whxk45wo,xljy6xu9,,,,,,,,
whxk45wo,3gsqcey0,,,,,,,,
whxk45wo,qmagzkk1,,,,,,,,
whxk45wo,xvf33pi2,2iuuj70h,x7a4j6b0,vj8lr9ls,bmnvj14m,,,,
wiii46il,jrco2x2y,h44nmje7,zy368zte,,,,,,
wiii46il,iw66op8a,zy368zte,pzy76b8o,,,,,,
wiii46il,zy368zte,jrco2x2y,iw66op8a,,,,,,
wiii46il,hlv31vx9,w28iveja,trsz1lsc,,,,,,
wiii46il,rfh42wiq,pzy76b8o,trsz1lsc,,,,,,
wiii46il,b9ntuqpj,h44nmje7,w28iveja,,,,,,
wiii46il,h44nmje7,b9ntuqpj,jrco2x2y,,,,,,
wiii46il,pzy76b8o,iw66op8a,rfh42wiq,,,,,,
wiii46il,w28iveja,b9ntuqpj,hlv31vx9,,,,,,
wiii46il,trsz1lsc,hlv31vx9,rfh42wiq,,,,,,
ws7hvfar,39oy1efo,,,,,,,,
ws7hvfar,l0mpk7rb,,,,,,,,
ws7hvfar,3p8kxjdb,,,,,,,,
wzq3kfp9,is7yp7w4,,,,,,,,
wzq3kfp9,uzup9rtw,,,,,,,,
wzq3kfp9,7ydbea5a,,,,,,,,
wzq3kfp9,h8hp322t,,,,,,,,
wzq3kfp9,lajqs0cz,ypx9zwsg,c9ndvony,,,,,,
wzq3kfp9,835zdy44,ypx9zwsg,ac4guma8,,,,,,
wzq3kfp9,ypx9zwsg,835zdy44,lajqs0cz,,,,,,
wzq3kfp9,ili1glhz,,,,,,,,
wzq3kfp9,c9ndvony,jgmfffiw,lajqs0cz,,,,,,
wzq3kfp9,jgmfffiw,t8dovk6k,c9ndvony,,,,,,
wzq3kfp9,u5w4b272,,,,,,,,
wzq3kfp9,9a2zaq6w,ac4guma8,t8dovk6k,,,,,,
wzq3kfp9,ac4guma8,835zdy44,9a2zaq6w,,,,,,
wzq3kfp9,hupol2xb,,,,,,,,
wzq3kfp9,er6wrfyq,,,,,,,,
wzq3kfp9,trjzauz4,,,,,,,,
wzq3kfp9,f3nw5ypl,,,,,,,,
wzq3kfp9,6fxbb9ia,,,,,,,,
wzq3kfp9,o83qbjn6,,,,,,,,
wzq3kfp9,t8dovk6k,9a2zaq6w,jgmfffiw,,,,,,
x15ibc79,jdeto2q5,e3z70brv,uqajr7ac,tmy9jzj3,wx8f6zu6,5x1n3lt1,9o0ptsg5,6at3l73t,8xq6jhv0
x15ibc79,s3ux5822,e3z70brv,uqajr7ac,tmy9jzj3,wx8f6zu6,5x1n3lt1,9o0ptsg5,6at3l73t,8xq6jhv0
x15ibc79,9o0ptsg5,e3z70brv,uqajr7ac,s3ux5822,wx8f6zu6,jdeto2q5,5x1n3lt1,6at3l73t,8xq6jhv0
x15ibc79,rje8ebnn,,,,,,,,
x15ibc79,q1knrjk6,,,,,,,,
x15ibc79,vhgdrlx9,,,,,,,,
x15ibc79,cn9mmtot,,,,,,,,
x15ibc79,uqajr7ac,e3z70brv,s3ux5822,tmy9jzj3,wx8f6zu6,jdeto2q5,5x1n3lt1,9o0ptsg5,6at3l73t
x15ibc79,8xq6jhv0,e3z70brv,s3ux5822,tmy9jzj3,wx8f6zu6,jdeto2q5,5x1n3lt1,9o0ptsg5,6at3l73t
x15ibc79,m51yg5gp,,,,,,,,
x15ibc79,6at3l73t,e3z70brv,uqajr7ac,s3ux5822,tmy9jzj3,wx8f6zu6,jdeto2q5,9o0ptsg5,8xq6jhv0
x15ibc79,hvamtnni,,,,,,,,
x15ibc79,41ezxi6i,,,,,,,,
x15ibc79,ge0vkylz,,,,,,,,
x15ibc79,uxr2hc3n,,,,,,,,
x15ibc79,d5ldelwn,,,,,,,,
x15ibc79,e6f7bo6v,,,,,,,,
x15ibc79,9i560uih,,,,,,,,
x15ibc79,fcw73wu3,,,,,,,,
x15ibc79,rywezmxv,,,,,,,,
x15ibc79,fxz72lxw,,,,,,,,
x15ibc79,deppbzyr,,,,,,,,
x15ibc79,sa3uy8xp,,,,,,,,
x15ibc79,0q08d6a1,,,,,,,,
x15ibc79,yiv1qn9j,,,,,,,,
x15ibc79,gp1mzytf,,,,,,,,
x15ibc79,tmy9jzj3,e3z70brv,uqajr7ac,s3ux5822,wx8f6zu6,jdeto2q5,5x1n3lt1,6at3l73t,8xq6jhv0
x15ibc79,e3z70brv,uqajr7ac,s3ux5822,tmy9jzj3,jdeto2q5,5x1n3lt1,9o0ptsg5,6at3l73t,8xq6jhv0
x15ibc79,wx8f6zu6,uqajr7ac,s3ux5822,tmy9jzj3,jdeto2q5,5x1n3lt1,9o0ptsg5,6at3l73t,8xq6jhv0
x15ibc79,5x1n3lt1,e3z70brv,uqajr7ac,s3ux5822,tmy9jzj3,wx8f6zu6,jdeto2q5,9o0ptsg5,8xq6jhv0
xqx91tvj,lo1mc087,1wjpfzbr,l13tty1q,tjwcvaxw,mmglwd18,qriaxmlf,pzkahusl,yicmk4t5,r64uwqc0
xqx91tvj,l13tty1q,1wjpfzbr,lo1mc087,tjwcvaxw,1tevcium,mmglwd18,fy8szwfy,g3izznjm,pzkahusl
xqx91tvj,1wjpfzbr,lo1mc087,l13tty1q,tjwcvaxw,fy8szwfy,qriaxmlf,g3izznjm,pzkahusl,r64uwqc0
xqx91tvj,mmglwd18,lo1mc087,l13tty1q,005ra0lh,1tevcium,fy8szwfy,qriaxmlf,yicmk4t5,r64uwqc0
xqx91tvj,fy8szwfy,1wjpfzbr,l13tty1q,005ra0lh,1tevcium,mmglwd18,qriaxmlf,g3izznjm,r64uwqc0
xqx91tvj,hr7xp66f,,,,,,,,
xqx91tvj,0n7dyv3f,,,,,,,,
xqx91tvj,jrxluqbx,,,,,,,,
xqx91tvj,lv1oqova,,,,,,,,
xqx91tvj,o861slsx,,,,,,,,
xqx91tvj,vpxp8j9j,,,,,,,,
xqx91tvj,dowwrtdn,,,,,,,,
xqx91tvj,x4ngk6gr,,,,,,,,
xqx91tvj,t4i231cg,,,,,,,,
xqx91tvj,pl87tm4i,,,,,,,,
xqx91tvj,zy5wvttu,,,,,,,,
xqx91tvj,0k3xgpm7,,,,,,,,
xqx91tvj,6pt7ntmg,,,,,,,,
xqx91tvj,8rp98erm,,,,,,,,
xqx91tvj,tjwcvaxw,1wjpfzbr,lo1mc087,l13tty1q,005ra0lh,1tevcium,g3izznjm,pzkahusl,yicmk4t5
xqx91tvj,qriaxmlf,1wjpfzbr,lo1mc087,005ra0lh,mmglwd18,fy8szwfy,g3izznjm,yicmk4t5,r64uwqc0
xqx91tvj,g3izznjm,1wjpfzbr,l13tty1q,tjwcvaxw,005ra0lh,fy8szwfy,qriaxmlf,pzkahusl,r64uwqc0
xqx91tvj,1tevcium,l13tty1q,tjwcvaxw,005ra0lh,mmglwd18,fy8szwfy,pzkahusl,yicmk4t5,r64uwqc0
xqx91tvj,r64uwqc0,1wjpfzbr,lo1mc087,1tevcium,mmglwd18,fy8szwfy,qriaxmlf,g3izznjm,yicmk4t5
xqx91tvj,gsr07558,,,,,,,,
xqx91tvj,1ml9sm30,,,,,,,,
xqx91tvj,zp5qza3j,,,,,,,,
xqx91tvj,yicmk4t5,lo1mc087,tjwcvaxw,005ra0lh,1tevcium,mmglwd18,qriaxmlf,pzkahusl,r64uwqc0
xqx91tvj,pzkahusl,1wjpfzbr,lo1mc087,l13tty1q,tjwcvaxw,005ra0lh,1tevcium,g3izznjm,yicmk4t5
xqx91tvj,005ra0lh,tjwcvaxw,1tevcium,mmglwd18,fy8szwfy,qriaxmlf,g3izznjm,pzkahusl,yicmk4t5
xss0puzp,btllql1i,,,,,,,,
xss0puzp,zp3olsye,,,,,,,,
xss0puzp,1fbr56pe,,,,,,,,
ya61mn6p,29sxorxt,,,,,,,,
ya61mn6p,z375fzuy,,,,,,,,
ya61mn6p,trrft0tv,,,,,,,,
ya61mn6p,n8i4fjql,,,,,,,,
ya61mn6p,ohnnk8se,,,,,,,,
ya61mn6p,c3lgoyrt,,,,,,,,
ya61mn6p,o5w9jgpe,,,,,,,,
ya61mn6p,038t1aif,,,,,,,,
ya61mn6p,f08eyzzh,,,,,,,,
ya61mn6p,14c8xe9x,,,,,,,,
ya61mn6p,51iui3kc,,,,,,,,
ya61mn6p,jiyojtp1,,,,,,,,
ya61mn6p,8pavh9k3,,,,,,,,
ya61mn6p,0p22oapv,,,,,,,,
ya61mn6p,lgs7ojaa,,,,,,,,
ya61mn6p,fm42rdgv,,,,,,,,
ya61mn6p,85q0vsd7,,,,,,,,
ya61mn6p,4j9ur3yy,,,,,,,,
ya61mn6p,eimx060y,,,,,,,,
ya61mn6p,2n0ykcwa,,,,,,,,
ya61mn6p,3ip4l5rw,,,,,,,,
ya61mn6p,zhvthbhr,,,,,,,,
ya61mn6p,vwj1k507,,,,,,,,
ya61mn6p,2xvkdujo,2locqlke,glcor7i9,,,,,,
ya61mn6p,2locqlke,mxqbec10,2xvkdujo,,,,,,
ya61mn6p,glcor7i9,2quzcwvk,2xvkdujo,,,,,,
ya61mn6p,2quzcwvk,e0j77rpj,glcor7i9,,,,,,
ya61mn6p,e0j77rpj,mxqbec10,2quzcwvk,,,,,,
ya61mn6p,mxqbec10,2locqlke,e0j77rpj,,,,,,
ya61mn6p,1rfc60w6,,,,,,,,
ya61mn6p,oajuiq1x,,,,,,,,
ya61mn6p,qp98cdvv,,,,,,,,
ya61mn6p,3bzlicus,,,,,,,,
ya61mn6p,0a8q5113,,,,,,,,
ya61mn6p,thqpwmwk,,,,,,,,
ya61mn6p,ptg4o84i,,,,,,,,
ya61mn6p,l9e5a9pt,,,,,,,,
ya61mn6p,jt1irjh1,,,,,,,,
ya61mn6p,zk0fnh10,,,,,,,,
ya61mn6p,nkdcw6qy,,,,,,,,
ybcwk6k2,2lpi2igj,,,,,,,,
ybcwk6k2,pg133yi0,,,,,,,,
ybcwk6k2,lob2mo8b,,,,,,,,
ybcwk6k2,dx441g7t,gfjnfk9a,820m1sgc,e8cnffbe,mthz9fip,tflltzur,11vzrsji,y2itd27i,jiqmjihk
ybcwk6k2,11vzrsji,gfjnfk9a,820m1sgc,e8cnffbe,mthz9fip,dx441g7t,tflltzur,y2itd27i,jiqmjihk
ybcwk6k2,mthz9fip,gfjnfk9a,820m1sgc,e8cnffbe,dx441g7t,tflltzur,11vzrsji,y2itd27i,jiqmjihk
ybcwk6k2,e8cnffbe,gfjnfk9a,820m1sgc,mthz9fip,dx441g7t,tflltzur,11vzrsji,y2itd27i,jiqmjihk
ybcwk6k2,820m1sgc,gfjnfk9a,e8cnffbe,mthz9fip,dx441g7t,tflltzur,11vzrsji,y2itd27i,jiqmjihk
ybcwk6k2,tflltzur,gfjnfk9a,820m1sgc,e8cnffbe,mthz9fip,dx441g7t,11vzrsji,y2itd27i,jiqmjihk
ybcwk6k2,gfjnfk9a,820m1sgc,e8cnffbe,mthz9fip,dx441g7t,tflltzur,11vzrsji,y2itd27i,jiqmjihk
ybcwk6k2,y2itd27i,gfjnfk9a,820m1sgc,e8cnffbe,mthz9fip,dx441g7t,tflltzur,11vzrsji,jiqmjihk
ybcwk6k2,jiqmjihk,gfjnfk9a,820m1sgc,e8cnffbe,mthz9fip,dx441g7t,tflltzur,11vzrsji,y2itd27i
ybcwk6k2,rf0640q8,,,,,,,,
ybcwk6k2,fbbvuyug,,,,,,,,
ybcwk6k2,k9868dnq,,,,,,,,
ybcwk6k2,om8dwcnb,,,,,,,,
ybcwk6k2,hgo9tqpo,,,,,,,,
ybcwk6k2,dr2zld74,,,,,,,,
ybcwk6k2,h6thnmxa,,,,,,,,
ybcwk6k2,vgdmgeh6,,,,,,,,
ybcwk6k2,q1aux99x,,,,,,,,
ybcwk6k2,lxrn5g68,,,,,,,,
ybcwk6k2,xq8g22l2,,,,,,,,
ybcwk6k2,4xu5drov,,,,,,,,
ybcwk6k2,7ykqd1mf,,,,,,,,
ybcwk6k2,s9rzyazg,,,,,,,,
ybcwk6k2,mocbq7dw,,,,,,,,
ybcwk6k2,znjqcm3g,,,,,,,,
ybcwk6k2,1tqoaclj,,,,,,,,
ybcwk6k2,vz90hsjw,,,,,,,,
yjg1o8ut,v6zb3x2o,,,,,,,,
yjg1o8ut,qbr3gdic,,,,,,,,
yjg1o8ut,vao2p2wa,,,,,,,,
z2k3fzsj,vblustgp,dzyflhf8,b5tametb,,,,,,
z2k3fzsj,dzyflhf8,vblustgp,b5tametb,,,,,,
z2k3fzsj,b5tametb,dzyflhf8,vblustgp,,,,,,
ze75yh41,cc16c7ni,,,,,,,,
ze75yh41,x3lf5lzn,,,,,,,,
ze75yh41,3inv7eq6,,,,,,,,
zt085499,sfy61n9z,,,,,,,,
zt085499,rzfdvyls,i4lss7fo,kwbn03an,ahr3tm0p,fbjsj3rq,,,,
zt085499,r32ez32g,,,,,,,,
zt085499,qbli7y0q,,,,,,,,
zt085499,n6ftx2xj,,,,,,,,
zt085499,nahays6x,,,,,,,,
zt085499,q7lqiazr,,,,,,,,
zt085499,z3bb5333,,,,,,,,
zt085499,fbjsj3rq,rzfdvyls,i4lss7fo,38j5lhb0,m98i1pr9,,,,
zt085499,j4l8uzfs,,,,,,,,
zt085499,9y99pj6b,,,,,,,,
zt085499,brji5i0d,,,,,,,,
zt085499,uyerm3m7,,,,,,,,
zt085499,l40ar3sj,,,,,,,,
zt085499,chhldkts,,,,,,,,
zt085499,cnaawckw,,,,,,,,
zt085499,8cay7ts5,,,,,,,,
zt085499,38j5lhb0,kwbn03an,p7mezwmf,p7uoo3ak,fbjsj3rq,,,,
zt085499,i4lss7fo,rzfdvyls,ahr3tm0p,m98i1pr9,fbjsj3rq,,,,
zt085499,u7m9xuse,,,,,,,,
zt085499,m98i1pr9,v2v2j7t9,p7uoo3ak,i4lss7fo,fbjsj3rq,,,,
zt085499,kwbn03an,rzfdvyls,v2v2j7t9,38j5lhb0,ahr3tm0p,,,,
zt085499,p7uoo3ak,v2v2j7t9,p7mezwmf,38j5lhb0,m98i1pr9,,,,
zt085499,v2v2j7t9,kwbn03an,p7mezwmf,p7uoo3ak,m98i1pr9,,,,
zt085499,ahr3tm0p,rzfdvyls,kwbn03an,p7mezwmf,i4lss7fo,,,,
zt085499,p7mezwmf,v2v2j7t9,38j5lhb0,p7uoo3ak,ahr3tm0p,,,,
zt085499,r2a7w85d,,,,,,,,
zt085499,5a5cz1ra,,,,,,,,
zt085499,k2fn7dv1,,,,,,,,
zt085499,iyetd8f6,,,,,,,,
